# Logfile created on 2025-07-03 16:08:32 -0400 by logger.rb/v1.7.0
  INFO ---------------------------------------------------------------------------
  INFO START 2025-07-03 16:08:32 -0400 cap staging deploy
  INFO ---------------------------------------------------------------------------
  INFO [1b1bc7e4] Running /usr/bin/env mkdir -p /tmp as ldpdserv@diglib-rails-dev1.cul.columbia.edu
 DEBUG [1b1bc7e4] Command: /usr/bin/env mkdir -p /tmp
  INFO ---------------------------------------------------------------------------
  INFO START 2025-07-03 16:09:09 -0400 cap staging deploy
  INFO ---------------------------------------------------------------------------
  INFO [fdfc9761] Running /usr/bin/env mkdir -p /tmp as bg2918@diglib-rails-dev1.cul.columbia.edu
 DEBUG [fdfc9761] Command: /usr/bin/env mkdir -p /tmp
  INFO [fdfc9761] Finished in 1.241 seconds with exit status 0 (successful).
 DEBUG Uploading /tmp/git-ssh-f6e24527486a8ad2ff12.sh 0.0%
  INFO Uploading /tmp/git-ssh-f6e24527486a8ad2ff12.sh 100.0%
  INFO [d2831433] Running /usr/bin/env chmod 700 /tmp/git-ssh-f6e24527486a8ad2ff12.sh as bg2918@diglib-rails-dev1.cul.columbia.edu
 DEBUG [d2831433] Command: /usr/bin/env chmod 700 /tmp/git-ssh-f6e24527486a8ad2ff12.sh
  INFO [d2831433] Finished in 0.091 seconds with exit status 0 (successful).
  INFO [3e7c87a4] Running /usr/bin/env git ls-remote https://github.com/cul/gsas_sync.git/ HEAD as bg2918@diglib-rails-dev1.cul.columbia.edu
 DEBUG [3e7c87a4] Command: ( export GIT_ASKPASS="/bin/echo" GIT_SSH="/tmp/git-ssh-f6e24527486a8ad2ff12.sh" ; /usr/bin/env git ls-remote https://github.com/cul/gsas_sync.git/ HEAD )
 DEBUG [3e7c87a4] 	remote: Support for password authentication was removed on August 13, 2021.
remote: Please see https://docs.github.com/get-started/getting-started-with-git/about-remote-repositories#cloning-with-https-urls for information on currently recommended modes of authentication.
fatal: Authentication failed for 'https://github.com/cul/gsas_sync.git/'
  INFO ---------------------------------------------------------------------------
  INFO START 2025-07-03 16:11:24 -0400 cap staging deploy
  INFO ---------------------------------------------------------------------------
  INFO [291aa450] Running /usr/bin/env mkdir -p /tmp as renserv@diglib-rails-dev1.cul.columbia.edu
 DEBUG [291aa450] Command: /usr/bin/env mkdir -p /tmp
  INFO ---------------------------------------------------------------------------
  INFO START 2025-07-03 16:15:02 -0400 cap staging deploy
  INFO ---------------------------------------------------------------------------
  INFO [dc0c297b] Running /usr/bin/env mkdir -p /tmp as bg2918@diglib-rails-dev1.cul.columbia.edu
 DEBUG [dc0c297b] Command: /usr/bin/env mkdir -p /tmp
  INFO [dc0c297b] Finished in 0.690 seconds with exit status 0 (successful).
 DEBUG Uploading /tmp/git-ssh-4f1d09e9f463f2d7dcfe.sh 0.0%
  INFO Uploading /tmp/git-ssh-4f1d09e9f463f2d7dcfe.sh 100.0%
  INFO [9936f368] Running /usr/bin/env chmod 700 /tmp/git-ssh-4f1d09e9f463f2d7dcfe.sh as bg2918@diglib-rails-dev1.cul.columbia.edu
 DEBUG [9936f368] Command: /usr/bin/env chmod 700 /tmp/git-ssh-4f1d09e9f463f2d7dcfe.sh
  INFO [9936f368] Finished in 0.125 seconds with exit status 0 (successful).
  INFO [837566f0] Running /usr/bin/env git ls-remote https://github.com/cul/gsas_sync.git/ HEAD as bg2918@diglib-rails-dev1.cul.columbia.edu
 DEBUG [837566f0] Command: ( export GIT_ASKPASS="/bin/echo" GIT_SSH="/tmp/git-ssh-4f1d09e9f463f2d7dcfe.sh" ; /usr/bin/env git ls-remote https://github.com/cul/gsas_sync.git/ HEAD )
 DEBUG [837566f0] 	remote: Support for password authentication was removed on August 13, 2021.
remote: Please see https://docs.github.com/get-started/getting-started-with-git/about-remote-repositories#cloning-with-https-urls for information on currently recommended modes of authentication.
fatal: Authentication failed for 'https://github.com/cul/gsas_sync.git/'
  INFO ---------------------------------------------------------------------------
  INFO START 2025-07-03 16:16:09 -0400 cap staging deploy
  INFO ---------------------------------------------------------------------------
  INFO [44b2a404] Running /usr/bin/env mkdir -p /tmp as bg2918@diglib-service-prod1.cul.columbia.edu
 DEBUG [44b2a404] Command: /usr/bin/env mkdir -p /tmp
  INFO [44b2a404] Finished in 0.483 seconds with exit status 0 (successful).
 DEBUG Uploading /tmp/git-ssh-b5cb7871f70a47b6310c.sh 0.0%
  INFO Uploading /tmp/git-ssh-b5cb7871f70a47b6310c.sh 100.0%
  INFO [dcde1f2b] Running /usr/bin/env chmod 700 /tmp/git-ssh-b5cb7871f70a47b6310c.sh as bg2918@diglib-service-prod1.cul.columbia.edu
 DEBUG [dcde1f2b] Command: /usr/bin/env chmod 700 /tmp/git-ssh-b5cb7871f70a47b6310c.sh
  INFO [dcde1f2b] Finished in 0.075 seconds with exit status 0 (successful).
  INFO [83ab0a0b] Running /usr/bin/env git ls-remote https://github.com/cul/gsas_sync.git/ HEAD as bg2918@diglib-service-prod1.cul.columbia.edu
 DEBUG [83ab0a0b] Command: ( export GIT_ASKPASS="/bin/echo" GIT_SSH="/tmp/git-ssh-b5cb7871f70a47b6310c.sh" ; /usr/bin/env git ls-remote https://github.com/cul/gsas_sync.git/ HEAD )
 DEBUG [83ab0a0b] 	remote: Support for password authentication was removed on August 13, 2021.
remote: Please see https://docs.github.com/get-started/getting-started-with-git/about-remote-repositories#cloning-with-https-urls for information on currently recommended modes of authentication.
fatal: Authentication failed for 'https://github.com/cul/gsas_sync.git/'
  INFO ---------------------------------------------------------------------------
  INFO START 2025-07-03 16:17:58 -0400 cap staging deploy
  INFO ---------------------------------------------------------------------------
  INFO [8f24f5e2] Running /usr/bin/env mkdir -p /tmp as ldpdserv@diglib-service-prod1.cul.columbia.edu
 DEBUG [8f24f5e2] Command: /usr/bin/env mkdir -p /tmp
  INFO ---------------------------------------------------------------------------
  INFO START 2025-07-03 16:20:47 -0400 cap staging deploy
  INFO ---------------------------------------------------------------------------
  INFO [ff319ccd] Running /usr/bin/env mkdir -p /tmp as ldpdserv@diglib-service-prod1.cul.columbia.edu
 DEBUG [ff319ccd] Command: /usr/bin/env mkdir -p /tmp
  INFO ---------------------------------------------------------------------------
  INFO START 2025-07-03 16:36:05 -0400 cap staging deploy
  INFO ---------------------------------------------------------------------------
  INFO [8276ca94] Running /usr/bin/env mkdir -p /tmp as ldpdserv@diglib-service-prod1.cul.columbia.edu
 DEBUG [8276ca94] Command: /usr/bin/env mkdir -p /tmp
  INFO [8276ca94] Finished in 0.718 seconds with exit status 0 (successful).
 DEBUG Uploading /tmp/git-ssh-b4e71944bf7cb6ba0ff8.sh 0.0%
  INFO Uploading /tmp/git-ssh-b4e71944bf7cb6ba0ff8.sh 100.0%
  INFO [da88183c] Running /usr/bin/env chmod 700 /tmp/git-ssh-b4e71944bf7cb6ba0ff8.sh as ldpdserv@diglib-service-prod1.cul.columbia.edu
 DEBUG [da88183c] Command: /usr/bin/env chmod 700 /tmp/git-ssh-b4e71944bf7cb6ba0ff8.sh
  INFO [da88183c] Finished in 0.212 seconds with exit status 0 (successful).
  INFO [4e3f651d] Running /usr/bin/env git ls-remote https://github.com/cul/gsas_sync.git/ HEAD as ldpdserv@diglib-service-prod1.cul.columbia.edu
 DEBUG [4e3f651d] Command: ( export GIT_ASKPASS="/bin/echo" GIT_SSH="/tmp/git-ssh-b4e71944bf7cb6ba0ff8.sh" ; /usr/bin/env git ls-remote https://github.com/cul/gsas_sync.git/ HEAD )
 DEBUG [4e3f651d] 	remote: Support for password authentication was removed on August 13, 2021.
remote: Please see https://docs.github.com/get-started/getting-started-with-git/about-remote-repositories#cloning-with-https-urls for information on currently recommended modes of authentication.
 DEBUG [4e3f651d] 	fatal: Authentication failed for 'https://github.com/cul/gsas_sync.git/'
  INFO ---------------------------------------------------------------------------
  INFO START 2025-07-03 16:48:30 -0400 cap staging deploy
  INFO ---------------------------------------------------------------------------
  INFO [c74d5615] Running /usr/bin/env mkdir -p /tmp as ldpdserv@diglib-service-prod1.cul.columbia.edu
 DEBUG [c74d5615] Command: /usr/bin/env mkdir -p /tmp
  INFO [c74d5615] Finished in 0.935 seconds with exit status 0 (successful).
 DEBUG Uploading /tmp/git-ssh-aa0d71e146e0bd35779a.sh 0.0%
  INFO Uploading /tmp/git-ssh-aa0d71e146e0bd35779a.sh 100.0%
  INFO [e53d005e] Running /usr/bin/env chmod 700 /tmp/git-ssh-aa0d71e146e0bd35779a.sh as ldpdserv@diglib-service-prod1.cul.columbia.edu
 DEBUG [e53d005e] Command: /usr/bin/env chmod 700 /tmp/git-ssh-aa0d71e146e0bd35779a.sh
  INFO [e53d005e] Finished in 0.420 seconds with exit status 0 (successful).
  INFO [1255549b] Running /usr/bin/env git ls-remote https://github.com/cul/gsas_sync.git/ HEAD as ldpdserv@diglib-service-prod1.cul.columbia.edu
 DEBUG [1255549b] Command: ( export GIT_ASKPASS="/bin/echo" GIT_SSH="/tmp/git-ssh-aa0d71e146e0bd35779a.sh" ; /usr/bin/env git ls-remote https://github.com/cul/gsas_sync.git/ HEAD )
 DEBUG [1255549b] 	remote: Support for password authentication was removed on August 13, 2021.
remote: Please see https://docs.github.com/get-started/getting-started-with-git/about-remote-repositories#cloning-with-https-urls for information on currently recommended modes of authentication.
 DEBUG [1255549b] 	fatal: Authentication failed for 'https://github.com/cul/gsas_sync.git/'
  INFO ---------------------------------------------------------------------------
  INFO START 2025-07-03 16:49:25 -0400 cap staging deploy
  INFO ---------------------------------------------------------------------------
  INFO [3b51a657] Running /usr/bin/env mkdir -p /tmp as ldpdserv@diglib-service-prod1.cul.columbia.edu
 DEBUG [3b51a657] Command: /usr/bin/env mkdir -p /tmp
  INFO ---------------------------------------------------------------------------
  INFO START 2025-07-03 16:49:56 -0400 cap staging deploy
  INFO ---------------------------------------------------------------------------
  INFO [1a077341] Running /usr/bin/env mkdir -p /tmp as ldpdserv@diglib-service-prod1.cul.columbia.edu
 DEBUG [1a077341] Command: /usr/bin/env mkdir -p /tmp
  INFO [1a077341] Finished in 0.738 seconds with exit status 0 (successful).
 DEBUG Uploading /tmp/git-ssh-395c6a462e6328aeae27.sh 0.0%
  INFO Uploading /tmp/git-ssh-395c6a462e6328aeae27.sh 100.0%
  INFO [c8d73e86] Running /usr/bin/env chmod 700 /tmp/git-ssh-395c6a462e6328aeae27.sh as ldpdserv@diglib-service-prod1.cul.columbia.edu
 DEBUG [c8d73e86] Command: /usr/bin/env chmod 700 /tmp/git-ssh-395c6a462e6328aeae27.sh
  INFO [c8d73e86] Finished in 0.212 seconds with exit status 0 (successful).
  INFO [a6ce4b43] Running /usr/bin/env git ls-remote https://github.com/cul/gsas_sync.git/ HEAD as ldpdserv@diglib-service-prod1.cul.columbia.edu
 DEBUG [a6ce4b43] Command: ( export GIT_ASKPASS="/bin/echo" GIT_SSH="/tmp/git-ssh-395c6a462e6328aeae27.sh" ; /usr/bin/env git ls-remote https://github.com/cul/gsas_sync.git/ HEAD )
 DEBUG [a6ce4b43] 	remote: Support for password authentication was removed on August 13, 2021.
remote: Please see https://docs.github.com/get-started/getting-started-with-git/about-remote-repositories#cloning-with-https-urls for information on currently recommended modes of authentication.
 DEBUG [a6ce4b43] 	fatal: Authentication failed for 'https://github.com/cul/gsas_sync.git/'
  INFO ---------------------------------------------------------------------------
  INFO START 2025-07-03 16:51:51 -0400 cap staging deploy
  INFO ---------------------------------------------------------------------------
  INFO [82c8c390] Running /usr/bin/env mkdir -p /tmp as ldpdserv@diglib-service-prod1.cul.columbia.edu
 DEBUG [82c8c390] Command: /usr/bin/env mkdir -p /tmp
  INFO [82c8c390] Finished in 0.694 seconds with exit status 0 (successful).
 DEBUG Uploading /tmp/git-ssh-ed90f3d23679449671f0.sh 0.0%
  INFO Uploading /tmp/git-ssh-ed90f3d23679449671f0.sh 100.0%
  INFO [d2088ab9] Running /usr/bin/env chmod 700 /tmp/git-ssh-ed90f3d23679449671f0.sh as ldpdserv@diglib-service-prod1.cul.columbia.edu
 DEBUG [d2088ab9] Command: /usr/bin/env chmod 700 /tmp/git-ssh-ed90f3d23679449671f0.sh
  INFO [d2088ab9] Finished in 0.216 seconds with exit status 0 (successful).
  INFO [0c571193] Running /usr/bin/env git ls-remote https://github.com/cul/gsas_sync.git/ HEAD as ldpdserv@diglib-service-prod1.cul.columbia.edu
 DEBUG [0c571193] Command: ( export GIT_ASKPASS="/bin/echo" GIT_SSH="/tmp/git-ssh-ed90f3d23679449671f0.sh" ; /usr/bin/env git ls-remote https://github.com/cul/gsas_sync.git/ HEAD )
 DEBUG [0c571193] 	remote: Support for password authentication was removed on August 13, 2021.
remote: Please see https://docs.github.com/get-started/getting-started-with-git/about-remote-repositories#cloning-with-https-urls for information on currently recommended modes of authentication.
fatal: Authentication failed for 'https://github.com/cul/gsas_sync.git/'
  INFO ---------------------------------------------------------------------------
  INFO START 2025-07-03 16:55:15 -0400 cap staging deploy
  INFO ---------------------------------------------------------------------------
  INFO [f7bf5d12] Running /usr/bin/env mkdir -p /tmp as ldpdserv@diglib-service-prod1.cul.columbia.edu
 DEBUG [f7bf5d12] Command: /usr/bin/env mkdir -p /tmp
  INFO [f7bf5d12] Finished in 0.796 seconds with exit status 0 (successful).
 DEBUG Uploading /tmp/git-ssh-4772d0f0b09bd4a32c8f.sh 0.0%
  INFO Uploading /tmp/git-ssh-4772d0f0b09bd4a32c8f.sh 100.0%
  INFO [bf65dbb6] Running /usr/bin/env chmod 700 /tmp/git-ssh-4772d0f0b09bd4a32c8f.sh as ldpdserv@diglib-service-prod1.cul.columbia.edu
 DEBUG [bf65dbb6] Command: /usr/bin/env chmod 700 /tmp/git-ssh-4772d0f0b09bd4a32c8f.sh
  INFO [bf65dbb6] Finished in 0.219 seconds with exit status 0 (successful).
  INFO [7fd03e16] Running /usr/bin/env git ls-remote https://github.com/cul/gsas_sync.git/ HEAD as ldpdserv@diglib-service-prod1.cul.columbia.edu
 DEBUG [7fd03e16] Command: ( export GIT_ASKPASS="/bin/echo" GIT_SSH="/tmp/git-ssh-4772d0f0b09bd4a32c8f.sh" ; /usr/bin/env git ls-remote https://github.com/cul/gsas_sync.git/ HEAD )
 DEBUG [7fd03e16] 	remote: Support for password authentication was removed on August 13, 2021.
remote: Please see https://docs.github.com/get-started/getting-started-with-git/about-remote-repositories#cloning-with-https-urls for information on currently recommended modes of authentication.
 DEBUG [7fd03e16] 	fatal: Authentication failed for 'https://github.com/cul/gsas_sync.git/'
  INFO ---------------------------------------------------------------------------
  INFO START 2025-07-03 16:57:50 -0400 cap staging deploy
  INFO ---------------------------------------------------------------------------
  INFO [df740a32] Running /usr/bin/env mkdir -p /tmp as ldpdserv@diglib-service-prod1.cul.columbia.edu
 DEBUG [df740a32] Command: /usr/bin/env mkdir -p /tmp
  INFO [df740a32] Finished in 0.762 seconds with exit status 0 (successful).
 DEBUG Uploading /tmp/git-ssh-04552491610cda0e7127.sh 0.0%
  INFO Uploading /tmp/git-ssh-04552491610cda0e7127.sh 100.0%
  INFO [979c5c9f] Running /usr/bin/env chmod 700 /tmp/git-ssh-04552491610cda0e7127.sh as ldpdserv@diglib-service-prod1.cul.columbia.edu
 DEBUG [979c5c9f] Command: /usr/bin/env chmod 700 /tmp/git-ssh-04552491610cda0e7127.sh
  INFO [979c5c9f] Finished in 0.217 seconds with exit status 0 (successful).
  INFO [c131ae93] Running /usr/bin/env git ls-remote https://github.com/cul/gsas_sync.git/ HEAD as ldpdserv@diglib-service-prod1.cul.columbia.edu
 DEBUG [c131ae93] Command: ( export GIT_ASKPASS="/bin/echo" GIT_SSH="/tmp/git-ssh-04552491610cda0e7127.sh" ; /usr/bin/env git ls-remote https://github.com/cul/gsas_sync.git/ HEAD )
 DEBUG [c131ae93] 	remote: Support for password authentication was removed on August 13, 2021.
remote: Please see https://docs.github.com/get-started/getting-started-with-git/about-remote-repositories#cloning-with-https-urls for information on currently recommended modes of authentication.
 DEBUG [c131ae93] 	fatal: Authentication failed for 'https://github.com/cul/gsas_sync.git/'
  INFO ---------------------------------------------------------------------------
  INFO START 2025-07-03 17:06:00 -0400 cap staging deploy
  INFO ---------------------------------------------------------------------------
  INFO [e8b01a9d] Running /usr/bin/env mkdir -p /tmp as ldpdserv@diglib-service-prod1.cul.columbia.edu
 DEBUG [e8b01a9d] Command: /usr/bin/env mkdir -p /tmp
  INFO [e8b01a9d] Finished in 0.712 seconds with exit status 0 (successful).
 DEBUG Uploading /tmp/git-ssh-a5301b769d468d046147.sh 0.0%
  INFO Uploading /tmp/git-ssh-a5301b769d468d046147.sh 100.0%
  INFO [a834f8b4] Running /usr/bin/env chmod 700 /tmp/git-ssh-a5301b769d468d046147.sh as ldpdserv@diglib-service-prod1.cul.columbia.edu
 DEBUG [a834f8b4] Command: /usr/bin/env chmod 700 /tmp/git-ssh-a5301b769d468d046147.sh
  INFO [a834f8b4] Finished in 0.319 seconds with exit status 0 (successful).
  INFO [a4beeda0] Running /usr/bin/env git ls-remote git@github.com:cul/gsas_sync.git/ HEAD as ldpdserv@diglib-service-prod1.cul.columbia.edu
 DEBUG [a4beeda0] Command: ( export GIT_ASKPASS="/bin/echo" GIT_SSH="/tmp/git-ssh-a5301b769d468d046147.sh" ; /usr/bin/env git ls-remote git@github.com:cul/gsas_sync.git/ HEAD )
 DEBUG [a4beeda0] 	6093480d4b5cd8eab1c7b932cccdab2bafcf961c	HEAD
  INFO [a4beeda0] Finished in 1.370 seconds with exit status 0 (successful).
  INFO [0c8db2d9] Running /usr/bin/env mkdir -p /tmp/gsas_deployment_testing/gsas_sync_staging/shared /tmp/gsas_deployment_testing/gsas_sync_staging/releases as ldpdserv@diglib-service-prod1.cul.columbia.edu
 DEBUG [0c8db2d9] Command: /usr/bin/env mkdir -p /tmp/gsas_deployment_testing/gsas_sync_staging/shared /tmp/gsas_deployment_testing/gsas_sync_staging/releases
 DEBUG [0c8db2d9] 	mkdir: cannot create directory ‘/tmp/gsas_deployment_testing/gsas_sync_staging’: Permission denied
mkdir: cannot create directory ‘/tmp/gsas_deployment_testing/gsas_sync_staging’: Permission denied
  INFO ---------------------------------------------------------------------------
  INFO START 2025-07-03 17:09:47 -0400 cap staging deploy
  INFO ---------------------------------------------------------------------------
  INFO [ddbe34cc] Running /usr/bin/env mkdir -p /tmp as ldpdserv@diglib-service-prod1.cul.columbia.edu
 DEBUG [ddbe34cc] Command: /usr/bin/env mkdir -p /tmp
  INFO [ddbe34cc] Finished in 0.675 seconds with exit status 0 (successful).
 DEBUG Uploading /tmp/git-ssh-99b1a13580f7c603dcd1.sh 0.0%
  INFO Uploading /tmp/git-ssh-99b1a13580f7c603dcd1.sh 100.0%
  INFO [e968a51e] Running /usr/bin/env chmod 700 /tmp/git-ssh-99b1a13580f7c603dcd1.sh as ldpdserv@diglib-service-prod1.cul.columbia.edu
 DEBUG [e968a51e] Command: /usr/bin/env chmod 700 /tmp/git-ssh-99b1a13580f7c603dcd1.sh
  INFO [e968a51e] Finished in 0.226 seconds with exit status 0 (successful).
  INFO [23dd3f6a] Running /usr/bin/env git ls-remote git@github.com:cul/gsas_sync.git/ HEAD as ldpdserv@diglib-service-prod1.cul.columbia.edu
 DEBUG [23dd3f6a] Command: ( export GIT_ASKPASS="/bin/echo" GIT_SSH="/tmp/git-ssh-99b1a13580f7c603dcd1.sh" ; /usr/bin/env git ls-remote git@github.com:cul/gsas_sync.git/ HEAD )
 DEBUG [23dd3f6a] 	6093480d4b5cd8eab1c7b932cccdab2bafcf961c	HEAD
  INFO [23dd3f6a] Finished in 1.014 seconds with exit status 0 (successful).
  INFO [a5922ba8] Running /usr/bin/env mkdir -p /tmp/gsas_deployment_testing/gsas_sync_staging/shared /tmp/gsas_deployment_testing/gsas_sync_staging/releases as ldpdserv@diglib-service-prod1.cul.columbia.edu
 DEBUG [a5922ba8] Command: /usr/bin/env mkdir -p /tmp/gsas_deployment_testing/gsas_sync_staging/shared /tmp/gsas_deployment_testing/gsas_sync_staging/releases
  INFO [a5922ba8] Finished in 0.211 seconds with exit status 0 (successful).
  INFO [b253b63d] Running /usr/bin/env mkdir -p /tmp/gsas_deployment_testing/gsas_sync_staging/shared/config as ldpdserv@diglib-service-prod1.cul.columbia.edu
 DEBUG [b253b63d] Command: /usr/bin/env mkdir -p /tmp/gsas_deployment_testing/gsas_sync_staging/shared/config
  INFO [b253b63d] Finished in 0.242 seconds with exit status 0 (successful).
 DEBUG [a7979694] Running [ -f /tmp/gsas_deployment_testing/gsas_sync_staging/shared/config/config.yml ] as ldpdserv@diglib-service-prod1.cul.columbia.edu
 DEBUG [a7979694] Command: [ -f /tmp/gsas_deployment_testing/gsas_sync_staging/shared/config/config.yml ]
 DEBUG [a7979694] Finished in 0.202 seconds with exit status 1 (failed).
 ERROR linked file /tmp/gsas_deployment_testing/gsas_sync_staging/shared/config/config.yml does not exist on diglib-service-prod1.cul.columbia.edu
  INFO ---------------------------------------------------------------------------
  INFO START 2025-07-03 17:14:33 -0400 cap staging deploy
  INFO ---------------------------------------------------------------------------
  INFO [64d4f4b9] Running /usr/bin/env mkdir -p /tmp as ldpdserv@diglib-service-prod1.cul.columbia.edu
 DEBUG [64d4f4b9] Command: /usr/bin/env mkdir -p /tmp
  INFO [64d4f4b9] Finished in 0.853 seconds with exit status 0 (successful).
 DEBUG Uploading /tmp/git-ssh-29e4db47ffdfadfb5f89.sh 0.0%
  INFO Uploading /tmp/git-ssh-29e4db47ffdfadfb5f89.sh 100.0%
  INFO [b1057b16] Running /usr/bin/env chmod 700 /tmp/git-ssh-29e4db47ffdfadfb5f89.sh as ldpdserv@diglib-service-prod1.cul.columbia.edu
 DEBUG [b1057b16] Command: /usr/bin/env chmod 700 /tmp/git-ssh-29e4db47ffdfadfb5f89.sh
  INFO [b1057b16] Finished in 0.225 seconds with exit status 0 (successful).
  INFO [38863eda] Running /usr/bin/env git ls-remote git@github.com:cul/gsas_sync.git/ HEAD as ldpdserv@diglib-service-prod1.cul.columbia.edu
 DEBUG [38863eda] Command: ( export GIT_ASKPASS="/bin/echo" GIT_SSH="/tmp/git-ssh-29e4db47ffdfadfb5f89.sh" ; /usr/bin/env git ls-remote git@github.com:cul/gsas_sync.git/ HEAD )
 DEBUG [38863eda] 	6093480d4b5cd8eab1c7b932cccdab2bafcf961c	HEAD
  INFO [38863eda] Finished in 0.997 seconds with exit status 0 (successful).
  INFO [d86ce5a4] Running /usr/bin/env mkdir -p /tmp/gsas_deployment_testing/gsas_sync_staging/shared /tmp/gsas_deployment_testing/gsas_sync_staging/releases as ldpdserv@diglib-service-prod1.cul.columbia.edu
 DEBUG [d86ce5a4] Command: /usr/bin/env mkdir -p /tmp/gsas_deployment_testing/gsas_sync_staging/shared /tmp/gsas_deployment_testing/gsas_sync_staging/releases
  INFO [d86ce5a4] Finished in 0.222 seconds with exit status 0 (successful).
  INFO [1368ed16] Running /usr/bin/env mkdir -p /tmp/gsas_deployment_testing/gsas_sync_staging/shared/config as ldpdserv@diglib-service-prod1.cul.columbia.edu
 DEBUG [1368ed16] Command: /usr/bin/env mkdir -p /tmp/gsas_deployment_testing/gsas_sync_staging/shared/config
  INFO [1368ed16] Finished in 0.288 seconds with exit status 0 (successful).
 DEBUG [e5bcf1a3] Running [ -f /tmp/gsas_deployment_testing/gsas_sync_staging/shared/config/config.yml ] as ldpdserv@diglib-service-prod1.cul.columbia.edu
 DEBUG [e5bcf1a3] Command: [ -f /tmp/gsas_deployment_testing/gsas_sync_staging/shared/config/config.yml ]
 DEBUG [e5bcf1a3] Finished in 0.227 seconds with exit status 0 (successful).
 DEBUG [c62de5a3] Running [ -f /tmp/gsas_deployment_testing/gsas_sync_staging/current/REVISION ] as ldpdserv@diglib-service-prod1.cul.columbia.edu
 DEBUG [c62de5a3] Command: [ -f /tmp/gsas_deployment_testing/gsas_sync_staging/current/REVISION ]
 DEBUG [c62de5a3] Finished in 0.243 seconds with exit status 1 (failed).
 DEBUG [f1aa90d1] Running [ -f /tmp/gsas_deployment_testing/gsas_sync_staging/current/REVISION_TIME ] as ldpdserv@diglib-service-prod1.cul.columbia.edu
 DEBUG [f1aa90d1] Command: [ -f /tmp/gsas_deployment_testing/gsas_sync_staging/current/REVISION_TIME ]
 DEBUG [f1aa90d1] Finished in 0.231 seconds with exit status 1 (failed).
 DEBUG [1258d428] Running [ -f /tmp/gsas_deployment_testing/gsas_sync_staging/repo/HEAD ] as ldpdserv@diglib-service-prod1.cul.columbia.edu
 DEBUG [1258d428] Command: [ -f /tmp/gsas_deployment_testing/gsas_sync_staging/repo/HEAD ]
 DEBUG [1258d428] Finished in 0.254 seconds with exit status 1 (failed).
 DEBUG [99e31912] Running if test ! -d /tmp/gsas_deployment_testing/gsas_sync_staging; then echo "Directory does not exist '/tmp/gsas_deployment_testing/gsas_sync_staging'" 1>&2; false; fi as ldpdserv@diglib-service-prod1.cul.columbia.edu
 DEBUG [99e31912] Command: if test ! -d /tmp/gsas_deployment_testing/gsas_sync_staging; then echo "Directory does not exist '/tmp/gsas_deployment_testing/gsas_sync_staging'" 1>&2; false; fi
 DEBUG [99e31912] Finished in 0.224 seconds with exit status 0 (successful).
  INFO [bf4a31aa] Running /usr/bin/env git clone --mirror git@github.com:cul/gsas_sync.git/ /tmp/gsas_deployment_testing/gsas_sync_staging/repo as ldpdserv@diglib-service-prod1.cul.columbia.edu
 DEBUG [bf4a31aa] Command: cd /tmp/gsas_deployment_testing/gsas_sync_staging && ( export GIT_ASKPASS="/bin/echo" GIT_SSH="/tmp/git-ssh-29e4db47ffdfadfb5f89.sh" ; /usr/bin/env git clone --mirror git@github.com:cul/gsas_sync.git/ /tmp/gsas_deployment_testing/gsas_sync_staging/repo )
 DEBUG [bf4a31aa] 	Cloning into bare repository '/tmp/gsas_deployment_testing/gsas_sync_staging/repo'...
  INFO [bf4a31aa] Finished in 1.034 seconds with exit status 0 (successful).
 DEBUG [c74c968a] Running if test ! -d /tmp/gsas_deployment_testing/gsas_sync_staging/repo; then echo "Directory does not exist '/tmp/gsas_deployment_testing/gsas_sync_staging/repo'" 1>&2; false; fi as ldpdserv@diglib-service-prod1.cul.columbia.edu
 DEBUG [c74c968a] Command: if test ! -d /tmp/gsas_deployment_testing/gsas_sync_staging/repo; then echo "Directory does not exist '/tmp/gsas_deployment_testing/gsas_sync_staging/repo'" 1>&2; false; fi
 DEBUG [c74c968a] Finished in 0.220 seconds with exit status 0 (successful).
  INFO [a48106a9] Running /usr/bin/env git remote set-url origin git@github.com:cul/gsas_sync.git/ as ldpdserv@diglib-service-prod1.cul.columbia.edu
 DEBUG [a48106a9] Command: cd /tmp/gsas_deployment_testing/gsas_sync_staging/repo && ( export GIT_ASKPASS="/bin/echo" GIT_SSH="/tmp/git-ssh-29e4db47ffdfadfb5f89.sh" ; /usr/bin/env git remote set-url origin git@github.com:cul/gsas_sync.git/ )
  INFO [a48106a9] Finished in 0.236 seconds with exit status 0 (successful).
  INFO [917dcddb] Running /usr/bin/env git remote update --prune as ldpdserv@diglib-service-prod1.cul.columbia.edu
 DEBUG [917dcddb] Command: cd /tmp/gsas_deployment_testing/gsas_sync_staging/repo && ( export GIT_ASKPASS="/bin/echo" GIT_SSH="/tmp/git-ssh-29e4db47ffdfadfb5f89.sh" ; /usr/bin/env git remote update --prune )
  INFO [917dcddb] Finished in 1.001 seconds with exit status 0 (successful).
 DEBUG [e39f04ea] Running if test ! -d /tmp/gsas_deployment_testing/gsas_sync_staging/repo; then echo "Directory does not exist '/tmp/gsas_deployment_testing/gsas_sync_staging/repo'" 1>&2; false; fi as ldpdserv@diglib-service-prod1.cul.columbia.edu
 DEBUG [e39f04ea] Command: if test ! -d /tmp/gsas_deployment_testing/gsas_sync_staging/repo; then echo "Directory does not exist '/tmp/gsas_deployment_testing/gsas_sync_staging/repo'" 1>&2; false; fi
 DEBUG [e39f04ea] Finished in 0.225 seconds with exit status 0 (successful).
  INFO [955ff5e8] Running /usr/bin/env mkdir -p /tmp/gsas_deployment_testing/gsas_sync_staging/releases/20250703211437 as ldpdserv@diglib-service-prod1.cul.columbia.edu
 DEBUG [955ff5e8] Command: cd /tmp/gsas_deployment_testing/gsas_sync_staging/repo && ( export GIT_ASKPASS="/bin/echo" GIT_SSH="/tmp/git-ssh-29e4db47ffdfadfb5f89.sh" ; /usr/bin/env mkdir -p /tmp/gsas_deployment_testing/gsas_sync_staging/releases/20250703211437 )
  INFO [955ff5e8] Finished in 0.225 seconds with exit status 0 (successful).
  INFO [247ea745] Running /usr/bin/env git archive LDPD-451 | /usr/bin/env tar -x -f - -C /tmp/gsas_deployment_testing/gsas_sync_staging/releases/20250703211437 as ldpdserv@diglib-service-prod1.cul.columbia.edu
 DEBUG [247ea745] Command: cd /tmp/gsas_deployment_testing/gsas_sync_staging/repo && ( export GIT_ASKPASS="/bin/echo" GIT_SSH="/tmp/git-ssh-29e4db47ffdfadfb5f89.sh" ; /usr/bin/env git archive LDPD-451 | /usr/bin/env tar -x -f - -C /tmp/gsas_deployment_testing/gsas_sync_staging/releases/20250703211437 )
  INFO [247ea745] Finished in 0.229 seconds with exit status 0 (successful).
 DEBUG [b025ac20] Running if test ! -d /tmp/gsas_deployment_testing/gsas_sync_staging/repo; then echo "Directory does not exist '/tmp/gsas_deployment_testing/gsas_sync_staging/repo'" 1>&2; false; fi as ldpdserv@diglib-service-prod1.cul.columbia.edu
 DEBUG [b025ac20] Command: if test ! -d /tmp/gsas_deployment_testing/gsas_sync_staging/repo; then echo "Directory does not exist '/tmp/gsas_deployment_testing/gsas_sync_staging/repo'" 1>&2; false; fi
 DEBUG [b025ac20] Finished in 0.228 seconds with exit status 0 (successful).
 DEBUG [c93f110a] Running /usr/bin/env git rev-list --max-count=1 LDPD-451 as ldpdserv@diglib-service-prod1.cul.columbia.edu
 DEBUG [c93f110a] Command: cd /tmp/gsas_deployment_testing/gsas_sync_staging/repo && ( export GIT_ASKPASS="/bin/echo" GIT_SSH="/tmp/git-ssh-29e4db47ffdfadfb5f89.sh" ; /usr/bin/env git rev-list --max-count=1 LDPD-451 )
 DEBUG [c93f110a] 	6093480d4b5cd8eab1c7b932cccdab2bafcf961c
 DEBUG [c93f110a] Finished in 0.249 seconds with exit status 0 (successful).
 DEBUG [c70f06b9] Running if test ! -d /tmp/gsas_deployment_testing/gsas_sync_staging/releases/20250703211437; then echo "Directory does not exist '/tmp/gsas_deployment_testing/gsas_sync_staging/releases/20250703211437'" 1>&2; false; fi as ldpdserv@diglib-service-prod1.cul.columbia.edu
 DEBUG [c70f06b9] Command: if test ! -d /tmp/gsas_deployment_testing/gsas_sync_staging/releases/20250703211437; then echo "Directory does not exist '/tmp/gsas_deployment_testing/gsas_sync_staging/releases/20250703211437'" 1>&2; false; fi
 DEBUG [c70f06b9] Finished in 0.237 seconds with exit status 0 (successful).
  INFO [fea8ad0f] Running /usr/bin/env echo "6093480d4b5cd8eab1c7b932cccdab2bafcf961c" > REVISION as ldpdserv@diglib-service-prod1.cul.columbia.edu
 DEBUG [fea8ad0f] Command: cd /tmp/gsas_deployment_testing/gsas_sync_staging/releases/20250703211437 && /usr/bin/env echo "6093480d4b5cd8eab1c7b932cccdab2bafcf961c" > REVISION
  INFO [fea8ad0f] Finished in 0.230 seconds with exit status 0 (successful).
 DEBUG [50e631f7] Running if test ! -d /tmp/gsas_deployment_testing/gsas_sync_staging/repo; then echo "Directory does not exist '/tmp/gsas_deployment_testing/gsas_sync_staging/repo'" 1>&2; false; fi as ldpdserv@diglib-service-prod1.cul.columbia.edu
 DEBUG [50e631f7] Command: if test ! -d /tmp/gsas_deployment_testing/gsas_sync_staging/repo; then echo "Directory does not exist '/tmp/gsas_deployment_testing/gsas_sync_staging/repo'" 1>&2; false; fi
 DEBUG [50e631f7] Finished in 0.222 seconds with exit status 0 (successful).
 DEBUG [7facc4eb] Running /usr/bin/env git --no-pager log -1 --pretty=format:"%ct" LDPD-451 as ldpdserv@diglib-service-prod1.cul.columbia.edu
 DEBUG [7facc4eb] Command: cd /tmp/gsas_deployment_testing/gsas_sync_staging/repo && ( export GIT_ASKPASS="/bin/echo" GIT_SSH="/tmp/git-ssh-29e4db47ffdfadfb5f89.sh" ; /usr/bin/env git --no-pager log -1 --pretty=format:"%ct" LDPD-451 )
 DEBUG [7facc4eb] 	1751575584
 DEBUG [7facc4eb] Finished in 0.266 seconds with exit status 0 (successful).
 DEBUG [4cb0b9ec] Running if test ! -d /tmp/gsas_deployment_testing/gsas_sync_staging/releases/20250703211437; then echo "Directory does not exist '/tmp/gsas_deployment_testing/gsas_sync_staging/releases/20250703211437'" 1>&2; false; fi as ldpdserv@diglib-service-prod1.cul.columbia.edu
 DEBUG [4cb0b9ec] Command: if test ! -d /tmp/gsas_deployment_testing/gsas_sync_staging/releases/20250703211437; then echo "Directory does not exist '/tmp/gsas_deployment_testing/gsas_sync_staging/releases/20250703211437'" 1>&2; false; fi
 DEBUG [4cb0b9ec] Finished in 0.218 seconds with exit status 0 (successful).
  INFO [eb5460ab] Running /usr/bin/env echo "1751575584" > REVISION_TIME as ldpdserv@diglib-service-prod1.cul.columbia.edu
 DEBUG [eb5460ab] Command: cd /tmp/gsas_deployment_testing/gsas_sync_staging/releases/20250703211437 && /usr/bin/env echo "1751575584" > REVISION_TIME
  INFO [eb5460ab] Finished in 0.219 seconds with exit status 0 (successful).
  INFO [62280dbb] Running /usr/bin/env mkdir -p /tmp/gsas_deployment_testing/gsas_sync_staging/releases/20250703211437/config as ldpdserv@diglib-service-prod1.cul.columbia.edu
 DEBUG [62280dbb] Command: /usr/bin/env mkdir -p /tmp/gsas_deployment_testing/gsas_sync_staging/releases/20250703211437/config
  INFO [62280dbb] Finished in 0.234 seconds with exit status 0 (successful).
 DEBUG [b93eaafc] Running [ -L /tmp/gsas_deployment_testing/gsas_sync_staging/releases/20250703211437/config/config.yml ] as ldpdserv@diglib-service-prod1.cul.columbia.edu
 DEBUG [b93eaafc] Command: [ -L /tmp/gsas_deployment_testing/gsas_sync_staging/releases/20250703211437/config/config.yml ]
 DEBUG [b93eaafc] Finished in 0.225 seconds with exit status 1 (failed).
 DEBUG [267693d3] Running [ -f /tmp/gsas_deployment_testing/gsas_sync_staging/releases/20250703211437/config/config.yml ] as ldpdserv@diglib-service-prod1.cul.columbia.edu
 DEBUG [267693d3] Command: [ -f /tmp/gsas_deployment_testing/gsas_sync_staging/releases/20250703211437/config/config.yml ]
 DEBUG [267693d3] Finished in 0.219 seconds with exit status 1 (failed).
  INFO [62247dfc] Running /usr/bin/env ln -s /tmp/gsas_deployment_testing/gsas_sync_staging/shared/config/config.yml /tmp/gsas_deployment_testing/gsas_sync_staging/releases/20250703211437/config/config.yml as ldpdserv@diglib-service-prod1.cul.columbia.edu
 DEBUG [62247dfc] Command: /usr/bin/env ln -s /tmp/gsas_deployment_testing/gsas_sync_staging/shared/config/config.yml /tmp/gsas_deployment_testing/gsas_sync_staging/releases/20250703211437/config/config.yml
  INFO [62247dfc] Finished in 0.222 seconds with exit status 0 (successful).
  INFO [c8e9be33] Running /usr/bin/env ln -s /tmp/gsas_deployment_testing/gsas_sync_staging/releases/20250703211437 /tmp/gsas_deployment_testing/gsas_sync_staging/releases/current as ldpdserv@diglib-service-prod1.cul.columbia.edu
 DEBUG [c8e9be33] Command: /usr/bin/env ln -s /tmp/gsas_deployment_testing/gsas_sync_staging/releases/20250703211437 /tmp/gsas_deployment_testing/gsas_sync_staging/releases/current
  INFO [c8e9be33] Finished in 0.228 seconds with exit status 0 (successful).
  INFO [98a3e2bc] Running /usr/bin/env mv /tmp/gsas_deployment_testing/gsas_sync_staging/releases/current /tmp/gsas_deployment_testing/gsas_sync_staging as ldpdserv@diglib-service-prod1.cul.columbia.edu
 DEBUG [98a3e2bc] Command: /usr/bin/env mv /tmp/gsas_deployment_testing/gsas_sync_staging/releases/current /tmp/gsas_deployment_testing/gsas_sync_staging
  INFO [98a3e2bc] Finished in 0.246 seconds with exit status 0 (successful).
 DEBUG [2a21d2cc] Running /usr/bin/env ls -x /tmp/gsas_deployment_testing/gsas_sync_staging/releases as ldpdserv@diglib-service-prod1.cul.columbia.edu
 DEBUG [2a21d2cc] Command: /usr/bin/env ls -x /tmp/gsas_deployment_testing/gsas_sync_staging/releases
 DEBUG [2a21d2cc] 	20250703211437
 DEBUG [2a21d2cc] Finished in 0.217 seconds with exit status 0 (successful).
 DEBUG [ef06b092] Running if test ! -d /tmp/gsas_deployment_testing/gsas_sync_staging/releases; then echo "Directory does not exist '/tmp/gsas_deployment_testing/gsas_sync_staging/releases'" 1>&2; false; fi as ldpdserv@diglib-service-prod1.cul.columbia.edu
 DEBUG [ef06b092] Command: if test ! -d /tmp/gsas_deployment_testing/gsas_sync_staging/releases; then echo "Directory does not exist '/tmp/gsas_deployment_testing/gsas_sync_staging/releases'" 1>&2; false; fi
 DEBUG [ef06b092] Finished in 0.213 seconds with exit status 0 (successful).
  INFO [1628bed7] Running /usr/bin/env echo "Branch LDPD-451 (at 6093480d4b5cd8eab1c7b932cccdab2bafcf961c) deployed as release 20250703211437 by bg2918" >> /tmp/gsas_deployment_testing/gsas_sync_staging/revisions.log as ldpdserv@diglib-service-prod1.cul.columbia.edu
 DEBUG [1628bed7] Command: cd /tmp/gsas_deployment_testing/gsas_sync_staging/releases && /usr/bin/env echo "Branch LDPD-451 (at 6093480d4b5cd8eab1c7b932cccdab2bafcf961c) deployed as release 20250703211437 by bg2918" >> /tmp/gsas_deployment_testing/gsas_sync_staging/revisions.log
  INFO [1628bed7] Finished in 0.223 seconds with exit status 0 (successful).
  INFO ---------------------------------------------------------------------------
  INFO START 2025-07-03 17:24:01 -0400 cap staging deploy
  INFO ---------------------------------------------------------------------------
  INFO [9ba1630a] Running /usr/bin/env mkdir -p /tmp as ldpdserv@diglib-service-prod1.cul.columbia.edu
 DEBUG [9ba1630a] Command: /usr/bin/env mkdir -p /tmp
  INFO [9ba1630a] Finished in 0.770 seconds with exit status 0 (successful).
 DEBUG Uploading /tmp/git-ssh-57b8c23d52897df5f4cd.sh 0.0%
  INFO Uploading /tmp/git-ssh-57b8c23d52897df5f4cd.sh 100.0%
  INFO [8f03d5b2] Running /usr/bin/env chmod 700 /tmp/git-ssh-57b8c23d52897df5f4cd.sh as ldpdserv@diglib-service-prod1.cul.columbia.edu
 DEBUG [8f03d5b2] Command: /usr/bin/env chmod 700 /tmp/git-ssh-57b8c23d52897df5f4cd.sh
  INFO [8f03d5b2] Finished in 0.231 seconds with exit status 0 (successful).
  INFO [58589e48] Running /usr/bin/env git ls-remote git@github.com:cul/gsas_sync.git/ HEAD as ldpdserv@diglib-service-prod1.cul.columbia.edu
 DEBUG [58589e48] Command: ( export GIT_ASKPASS="/bin/echo" GIT_SSH="/tmp/git-ssh-57b8c23d52897df5f4cd.sh" ; /usr/bin/env git ls-remote git@github.com:cul/gsas_sync.git/ HEAD )
 DEBUG [58589e48] 	6093480d4b5cd8eab1c7b932cccdab2bafcf961c	HEAD
  INFO [58589e48] Finished in 1.085 seconds with exit status 0 (successful).
  INFO [9e9dae8f] Running /usr/bin/env mkdir -p /tmp/gsas_deployment_testing/gsas_sync_staging/shared /tmp/gsas_deployment_testing/gsas_sync_staging/releases as ldpdserv@diglib-service-prod1.cul.columbia.edu
 DEBUG [9e9dae8f] Command: /usr/bin/env mkdir -p /tmp/gsas_deployment_testing/gsas_sync_staging/shared /tmp/gsas_deployment_testing/gsas_sync_staging/releases
  INFO [9e9dae8f] Finished in 0.230 seconds with exit status 0 (successful).
  INFO [9c375947] Running /usr/bin/env mkdir -p /tmp/gsas_deployment_testing/gsas_sync_staging/shared/config as ldpdserv@diglib-service-prod1.cul.columbia.edu
 DEBUG [9c375947] Command: /usr/bin/env mkdir -p /tmp/gsas_deployment_testing/gsas_sync_staging/shared/config
  INFO [9c375947] Finished in 0.223 seconds with exit status 0 (successful).
 DEBUG [5091bdb4] Running [ -f /tmp/gsas_deployment_testing/gsas_sync_staging/shared/config/config.yml ] as ldpdserv@diglib-service-prod1.cul.columbia.edu
 DEBUG [5091bdb4] Command: [ -f /tmp/gsas_deployment_testing/gsas_sync_staging/shared/config/config.yml ]
 DEBUG [5091bdb4] Finished in 0.224 seconds with exit status 0 (successful).
 DEBUG [87dad318] Running [ -f /tmp/gsas_deployment_testing/gsas_sync_staging/current/REVISION ] as ldpdserv@diglib-service-prod1.cul.columbia.edu
 DEBUG [87dad318] Command: [ -f /tmp/gsas_deployment_testing/gsas_sync_staging/current/REVISION ]
 DEBUG [87dad318] Finished in 0.221 seconds with exit status 0 (successful).
 DEBUG [46669ba0] Running /usr/bin/env cat /tmp/gsas_deployment_testing/gsas_sync_staging/current/REVISION 2>/dev/null as ldpdserv@diglib-service-prod1.cul.columbia.edu
 DEBUG [46669ba0] Command: /usr/bin/env cat /tmp/gsas_deployment_testing/gsas_sync_staging/current/REVISION 2>/dev/null
 DEBUG [46669ba0] 	6093480d4b5cd8eab1c7b932cccdab2bafcf961c
 DEBUG [46669ba0] Finished in 0.241 seconds with exit status 0 (successful).
 DEBUG [89e1d64f] Running [ -f /tmp/gsas_deployment_testing/gsas_sync_staging/current/REVISION_TIME ] as ldpdserv@diglib-service-prod1.cul.columbia.edu
 DEBUG [89e1d64f] Command: [ -f /tmp/gsas_deployment_testing/gsas_sync_staging/current/REVISION_TIME ]
 DEBUG [89e1d64f] Finished in 0.236 seconds with exit status 0 (successful).
 DEBUG [da5db406] Running /usr/bin/env cat /tmp/gsas_deployment_testing/gsas_sync_staging/current/REVISION_TIME 2>/dev/null as ldpdserv@diglib-service-prod1.cul.columbia.edu
 DEBUG [da5db406] Command: /usr/bin/env cat /tmp/gsas_deployment_testing/gsas_sync_staging/current/REVISION_TIME 2>/dev/null
 DEBUG [da5db406] 	1751575584
 DEBUG [da5db406] Finished in 0.258 seconds with exit status 0 (successful).
 DEBUG [9fd13077] Running [ -f /tmp/gsas_deployment_testing/gsas_sync_staging/repo/HEAD ] as ldpdserv@diglib-service-prod1.cul.columbia.edu
 DEBUG [9fd13077] Command: [ -f /tmp/gsas_deployment_testing/gsas_sync_staging/repo/HEAD ]
 DEBUG [9fd13077] Finished in 0.230 seconds with exit status 0 (successful).
  INFO The repository mirror is at /tmp/gsas_deployment_testing/gsas_sync_staging/repo
 DEBUG [20593e88] Running if test ! -d /tmp/gsas_deployment_testing/gsas_sync_staging/repo; then echo "Directory does not exist '/tmp/gsas_deployment_testing/gsas_sync_staging/repo'" 1>&2; false; fi as ldpdserv@diglib-service-prod1.cul.columbia.edu
 DEBUG [20593e88] Command: if test ! -d /tmp/gsas_deployment_testing/gsas_sync_staging/repo; then echo "Directory does not exist '/tmp/gsas_deployment_testing/gsas_sync_staging/repo'" 1>&2; false; fi
 DEBUG [20593e88] Finished in 0.243 seconds with exit status 0 (successful).
  INFO [daed1938] Running /usr/bin/env git remote set-url origin git@github.com:cul/gsas_sync.git/ as ldpdserv@diglib-service-prod1.cul.columbia.edu
 DEBUG [daed1938] Command: cd /tmp/gsas_deployment_testing/gsas_sync_staging/repo && ( export GIT_ASKPASS="/bin/echo" GIT_SSH="/tmp/git-ssh-57b8c23d52897df5f4cd.sh" ; /usr/bin/env git remote set-url origin git@github.com:cul/gsas_sync.git/ )
  INFO [daed1938] Finished in 0.217 seconds with exit status 0 (successful).
  INFO [889d4608] Running /usr/bin/env git remote update --prune as ldpdserv@diglib-service-prod1.cul.columbia.edu
 DEBUG [889d4608] Command: cd /tmp/gsas_deployment_testing/gsas_sync_staging/repo && ( export GIT_ASKPASS="/bin/echo" GIT_SSH="/tmp/git-ssh-57b8c23d52897df5f4cd.sh" ; /usr/bin/env git remote update --prune )
  INFO [889d4608] Finished in 0.979 seconds with exit status 0 (successful).
 DEBUG [969a1050] Running if test ! -d /tmp/gsas_deployment_testing/gsas_sync_staging/repo; then echo "Directory does not exist '/tmp/gsas_deployment_testing/gsas_sync_staging/repo'" 1>&2; false; fi as ldpdserv@diglib-service-prod1.cul.columbia.edu
 DEBUG [969a1050] Command: if test ! -d /tmp/gsas_deployment_testing/gsas_sync_staging/repo; then echo "Directory does not exist '/tmp/gsas_deployment_testing/gsas_sync_staging/repo'" 1>&2; false; fi
 DEBUG [969a1050] Finished in 0.229 seconds with exit status 0 (successful).
  INFO [76bd8542] Running /usr/bin/env mkdir -p /tmp/gsas_deployment_testing/gsas_sync_staging/releases/20250703212405 as ldpdserv@diglib-service-prod1.cul.columbia.edu
 DEBUG [76bd8542] Command: cd /tmp/gsas_deployment_testing/gsas_sync_staging/repo && ( export GIT_ASKPASS="/bin/echo" GIT_SSH="/tmp/git-ssh-57b8c23d52897df5f4cd.sh" ; /usr/bin/env mkdir -p /tmp/gsas_deployment_testing/gsas_sync_staging/releases/20250703212405 )
  INFO [76bd8542] Finished in 0.223 seconds with exit status 0 (successful).
  INFO [c8a7b8ac] Running /usr/bin/env git archive LDPD-451 | /usr/bin/env tar -x -f - -C /tmp/gsas_deployment_testing/gsas_sync_staging/releases/20250703212405 as ldpdserv@diglib-service-prod1.cul.columbia.edu
 DEBUG [c8a7b8ac] Command: cd /tmp/gsas_deployment_testing/gsas_sync_staging/repo && ( export GIT_ASKPASS="/bin/echo" GIT_SSH="/tmp/git-ssh-57b8c23d52897df5f4cd.sh" ; /usr/bin/env git archive LDPD-451 | /usr/bin/env tar -x -f - -C /tmp/gsas_deployment_testing/gsas_sync_staging/releases/20250703212405 )
  INFO [c8a7b8ac] Finished in 0.225 seconds with exit status 0 (successful).
 DEBUG [b7c2d9a2] Running if test ! -d /tmp/gsas_deployment_testing/gsas_sync_staging/repo; then echo "Directory does not exist '/tmp/gsas_deployment_testing/gsas_sync_staging/repo'" 1>&2; false; fi as ldpdserv@diglib-service-prod1.cul.columbia.edu
 DEBUG [b7c2d9a2] Command: if test ! -d /tmp/gsas_deployment_testing/gsas_sync_staging/repo; then echo "Directory does not exist '/tmp/gsas_deployment_testing/gsas_sync_staging/repo'" 1>&2; false; fi
 DEBUG [b7c2d9a2] Finished in 0.221 seconds with exit status 0 (successful).
 DEBUG [7c27fe4e] Running /usr/bin/env git rev-list --max-count=1 LDPD-451 as ldpdserv@diglib-service-prod1.cul.columbia.edu
 DEBUG [7c27fe4e] Command: cd /tmp/gsas_deployment_testing/gsas_sync_staging/repo && ( export GIT_ASKPASS="/bin/echo" GIT_SSH="/tmp/git-ssh-57b8c23d52897df5f4cd.sh" ; /usr/bin/env git rev-list --max-count=1 LDPD-451 )
 DEBUG [7c27fe4e] 	6093480d4b5cd8eab1c7b932cccdab2bafcf961c
 DEBUG [7c27fe4e] Finished in 0.235 seconds with exit status 0 (successful).
 DEBUG [adbfd50d] Running if test ! -d /tmp/gsas_deployment_testing/gsas_sync_staging/releases/20250703212405; then echo "Directory does not exist '/tmp/gsas_deployment_testing/gsas_sync_staging/releases/20250703212405'" 1>&2; false; fi as ldpdserv@diglib-service-prod1.cul.columbia.edu
 DEBUG [adbfd50d] Command: if test ! -d /tmp/gsas_deployment_testing/gsas_sync_staging/releases/20250703212405; then echo "Directory does not exist '/tmp/gsas_deployment_testing/gsas_sync_staging/releases/20250703212405'" 1>&2; false; fi
 DEBUG [adbfd50d] Finished in 0.231 seconds with exit status 0 (successful).
  INFO [d254f126] Running /usr/bin/env echo "6093480d4b5cd8eab1c7b932cccdab2bafcf961c" > REVISION as ldpdserv@diglib-service-prod1.cul.columbia.edu
 DEBUG [d254f126] Command: cd /tmp/gsas_deployment_testing/gsas_sync_staging/releases/20250703212405 && /usr/bin/env echo "6093480d4b5cd8eab1c7b932cccdab2bafcf961c" > REVISION
  INFO [d254f126] Finished in 0.213 seconds with exit status 0 (successful).
 DEBUG [a77a3aa8] Running if test ! -d /tmp/gsas_deployment_testing/gsas_sync_staging/repo; then echo "Directory does not exist '/tmp/gsas_deployment_testing/gsas_sync_staging/repo'" 1>&2; false; fi as ldpdserv@diglib-service-prod1.cul.columbia.edu
 DEBUG [a77a3aa8] Command: if test ! -d /tmp/gsas_deployment_testing/gsas_sync_staging/repo; then echo "Directory does not exist '/tmp/gsas_deployment_testing/gsas_sync_staging/repo'" 1>&2; false; fi
 DEBUG [a77a3aa8] Finished in 0.214 seconds with exit status 0 (successful).
 DEBUG [6a938e48] Running /usr/bin/env git --no-pager log -1 --pretty=format:"%ct" LDPD-451 as ldpdserv@diglib-service-prod1.cul.columbia.edu
 DEBUG [6a938e48] Command: cd /tmp/gsas_deployment_testing/gsas_sync_staging/repo && ( export GIT_ASKPASS="/bin/echo" GIT_SSH="/tmp/git-ssh-57b8c23d52897df5f4cd.sh" ; /usr/bin/env git --no-pager log -1 --pretty=format:"%ct" LDPD-451 )
 DEBUG [6a938e48] 	1751575584
 DEBUG [6a938e48] Finished in 0.249 seconds with exit status 0 (successful).
 DEBUG [72afd0b2] Running if test ! -d /tmp/gsas_deployment_testing/gsas_sync_staging/releases/20250703212405; then echo "Directory does not exist '/tmp/gsas_deployment_testing/gsas_sync_staging/releases/20250703212405'" 1>&2; false; fi as ldpdserv@diglib-service-prod1.cul.columbia.edu
 DEBUG [72afd0b2] Command: if test ! -d /tmp/gsas_deployment_testing/gsas_sync_staging/releases/20250703212405; then echo "Directory does not exist '/tmp/gsas_deployment_testing/gsas_sync_staging/releases/20250703212405'" 1>&2; false; fi
 DEBUG [72afd0b2] Finished in 0.241 seconds with exit status 0 (successful).
  INFO [8364274f] Running /usr/bin/env echo "1751575584" > REVISION_TIME as ldpdserv@diglib-service-prod1.cul.columbia.edu
 DEBUG [8364274f] Command: cd /tmp/gsas_deployment_testing/gsas_sync_staging/releases/20250703212405 && /usr/bin/env echo "1751575584" > REVISION_TIME
  INFO [8364274f] Finished in 0.221 seconds with exit status 0 (successful).
  INFO [9e7eb2e2] Running /usr/bin/env mkdir -p /tmp/gsas_deployment_testing/gsas_sync_staging/releases/20250703212405/config as ldpdserv@diglib-service-prod1.cul.columbia.edu
 DEBUG [9e7eb2e2] Command: /usr/bin/env mkdir -p /tmp/gsas_deployment_testing/gsas_sync_staging/releases/20250703212405/config
  INFO [9e7eb2e2] Finished in 0.253 seconds with exit status 0 (successful).
 DEBUG [658c8838] Running [ -L /tmp/gsas_deployment_testing/gsas_sync_staging/releases/20250703212405/config/config.yml ] as ldpdserv@diglib-service-prod1.cul.columbia.edu
 DEBUG [658c8838] Command: [ -L /tmp/gsas_deployment_testing/gsas_sync_staging/releases/20250703212405/config/config.yml ]
 DEBUG [658c8838] Finished in 0.223 seconds with exit status 1 (failed).
 DEBUG [ec73411b] Running [ -f /tmp/gsas_deployment_testing/gsas_sync_staging/releases/20250703212405/config/config.yml ] as ldpdserv@diglib-service-prod1.cul.columbia.edu
 DEBUG [ec73411b] Command: [ -f /tmp/gsas_deployment_testing/gsas_sync_staging/releases/20250703212405/config/config.yml ]
 DEBUG [ec73411b] Finished in 0.216 seconds with exit status 1 (failed).
  INFO [4bd454e5] Running /usr/bin/env ln -s /tmp/gsas_deployment_testing/gsas_sync_staging/shared/config/config.yml /tmp/gsas_deployment_testing/gsas_sync_staging/releases/20250703212405/config/config.yml as ldpdserv@diglib-service-prod1.cul.columbia.edu
 DEBUG [4bd454e5] Command: /usr/bin/env ln -s /tmp/gsas_deployment_testing/gsas_sync_staging/shared/config/config.yml /tmp/gsas_deployment_testing/gsas_sync_staging/releases/20250703212405/config/config.yml
  INFO [4bd454e5] Finished in 0.220 seconds with exit status 0 (successful).
  INFO [b1f23c05] Running /usr/bin/env ln -s /tmp/gsas_deployment_testing/gsas_sync_staging/releases/20250703212405 /tmp/gsas_deployment_testing/gsas_sync_staging/releases/current as ldpdserv@diglib-service-prod1.cul.columbia.edu
 DEBUG [b1f23c05] Command: /usr/bin/env ln -s /tmp/gsas_deployment_testing/gsas_sync_staging/releases/20250703212405 /tmp/gsas_deployment_testing/gsas_sync_staging/releases/current
  INFO [b1f23c05] Finished in 0.243 seconds with exit status 0 (successful).
  INFO [5e5b6fe0] Running /usr/bin/env mv /tmp/gsas_deployment_testing/gsas_sync_staging/releases/current /tmp/gsas_deployment_testing/gsas_sync_staging as ldpdserv@diglib-service-prod1.cul.columbia.edu
 DEBUG [5e5b6fe0] Command: /usr/bin/env mv /tmp/gsas_deployment_testing/gsas_sync_staging/releases/current /tmp/gsas_deployment_testing/gsas_sync_staging
  INFO [5e5b6fe0] Finished in 0.252 seconds with exit status 0 (successful).
 DEBUG [7dae0ac2] Running /usr/bin/env ls -x /tmp/gsas_deployment_testing/gsas_sync_staging/releases as ldpdserv@diglib-service-prod1.cul.columbia.edu
 DEBUG [7dae0ac2] Command: /usr/bin/env ls -x /tmp/gsas_deployment_testing/gsas_sync_staging/releases
 DEBUG [7dae0ac2] 	20250703211437	20250703212405
 DEBUG [7dae0ac2] Finished in 0.221 seconds with exit status 0 (successful).
 DEBUG [2732564d] Running if test ! -d /tmp/gsas_deployment_testing/gsas_sync_staging/releases; then echo "Directory does not exist '/tmp/gsas_deployment_testing/gsas_sync_staging/releases'" 1>&2; false; fi as ldpdserv@diglib-service-prod1.cul.columbia.edu
 DEBUG [2732564d] Command: if test ! -d /tmp/gsas_deployment_testing/gsas_sync_staging/releases; then echo "Directory does not exist '/tmp/gsas_deployment_testing/gsas_sync_staging/releases'" 1>&2; false; fi
 DEBUG [2732564d] Finished in 0.220 seconds with exit status 0 (successful).
  INFO [745fa44f] Running /usr/bin/env echo "Branch LDPD-451 (at 6093480d4b5cd8eab1c7b932cccdab2bafcf961c) deployed as release 20250703212405 by bg2918" >> /tmp/gsas_deployment_testing/gsas_sync_staging/revisions.log as ldpdserv@diglib-service-prod1.cul.columbia.edu
 DEBUG [745fa44f] Command: cd /tmp/gsas_deployment_testing/gsas_sync_staging/releases && /usr/bin/env echo "Branch LDPD-451 (at 6093480d4b5cd8eab1c7b932cccdab2bafcf961c) deployed as release 20250703212405 by bg2918" >> /tmp/gsas_deployment_testing/gsas_sync_staging/revisions.log
  INFO [745fa44f] Finished in 0.226 seconds with exit status 0 (successful).
  INFO ---------------------------------------------------------------------------
  INFO START 2025-07-03 17:26:21 -0400 cap staging deploy
  INFO ---------------------------------------------------------------------------
  INFO [de1a3e90] Running /usr/bin/env mkdir -p /tmp as ldpdserv@diglib-service-prod1.cul.columbia.edu
 DEBUG [de1a3e90] Command: /usr/bin/env mkdir -p /tmp
  INFO [de1a3e90] Finished in 0.733 seconds with exit status 0 (successful).
 DEBUG Uploading /tmp/git-ssh-55c5e6b229196df9acaf.sh 0.0%
  INFO Uploading /tmp/git-ssh-55c5e6b229196df9acaf.sh 100.0%
  INFO [323251d1] Running /usr/bin/env chmod 700 /tmp/git-ssh-55c5e6b229196df9acaf.sh as ldpdserv@diglib-service-prod1.cul.columbia.edu
 DEBUG [323251d1] Command: /usr/bin/env chmod 700 /tmp/git-ssh-55c5e6b229196df9acaf.sh
  INFO [323251d1] Finished in 0.209 seconds with exit status 0 (successful).
  INFO [77c20bec] Running /usr/bin/env git ls-remote git@github.com:cul/gsas_sync.git/ HEAD as ldpdserv@diglib-service-prod1.cul.columbia.edu
 DEBUG [77c20bec] Command: ( export GIT_ASKPASS="/bin/echo" GIT_SSH="/tmp/git-ssh-55c5e6b229196df9acaf.sh" ; /usr/bin/env git ls-remote git@github.com:cul/gsas_sync.git/ HEAD )
 DEBUG [77c20bec] 	6093480d4b5cd8eab1c7b932cccdab2bafcf961c	HEAD
  INFO [77c20bec] Finished in 1.023 seconds with exit status 0 (successful).
  INFO [e70be9b0] Running /usr/bin/env mkdir -p /tmp/gsas_deployment_testing/gsas_sync_staging/shared /tmp/gsas_deployment_testing/gsas_sync_staging/releases as ldpdserv@diglib-service-prod1.cul.columbia.edu
 DEBUG [e70be9b0] Command: /usr/bin/env mkdir -p /tmp/gsas_deployment_testing/gsas_sync_staging/shared /tmp/gsas_deployment_testing/gsas_sync_staging/releases
  INFO [e70be9b0] Finished in 0.208 seconds with exit status 0 (successful).
  INFO [3fa4dd81] Running /usr/bin/env mkdir -p /tmp/gsas_deployment_testing/gsas_sync_staging/shared/config as ldpdserv@diglib-service-prod1.cul.columbia.edu
 DEBUG [3fa4dd81] Command: /usr/bin/env mkdir -p /tmp/gsas_deployment_testing/gsas_sync_staging/shared/config
  INFO [3fa4dd81] Finished in 0.219 seconds with exit status 0 (successful).
 DEBUG [73c71000] Running [ -f /tmp/gsas_deployment_testing/gsas_sync_staging/shared/config/config.yml ] as ldpdserv@diglib-service-prod1.cul.columbia.edu
 DEBUG [73c71000] Command: [ -f /tmp/gsas_deployment_testing/gsas_sync_staging/shared/config/config.yml ]
 DEBUG [73c71000] Finished in 0.223 seconds with exit status 0 (successful).
 DEBUG [f6ac3ed3] Running [ -f /tmp/gsas_deployment_testing/gsas_sync_staging/current/REVISION ] as ldpdserv@diglib-service-prod1.cul.columbia.edu
 DEBUG [f6ac3ed3] Command: [ -f /tmp/gsas_deployment_testing/gsas_sync_staging/current/REVISION ]
 DEBUG [f6ac3ed3] Finished in 0.222 seconds with exit status 0 (successful).
 DEBUG [b41bfb92] Running /usr/bin/env cat /tmp/gsas_deployment_testing/gsas_sync_staging/current/REVISION 2>/dev/null as ldpdserv@diglib-service-prod1.cul.columbia.edu
 DEBUG [b41bfb92] Command: /usr/bin/env cat /tmp/gsas_deployment_testing/gsas_sync_staging/current/REVISION 2>/dev/null
 DEBUG [b41bfb92] 	6093480d4b5cd8eab1c7b932cccdab2bafcf961c
 DEBUG [b41bfb92] Finished in 0.237 seconds with exit status 0 (successful).
 DEBUG [e712eae7] Running [ -f /tmp/gsas_deployment_testing/gsas_sync_staging/current/REVISION_TIME ] as ldpdserv@diglib-service-prod1.cul.columbia.edu
 DEBUG [e712eae7] Command: [ -f /tmp/gsas_deployment_testing/gsas_sync_staging/current/REVISION_TIME ]
 DEBUG [e712eae7] Finished in 0.216 seconds with exit status 0 (successful).
 DEBUG [54e86db3] Running /usr/bin/env cat /tmp/gsas_deployment_testing/gsas_sync_staging/current/REVISION_TIME 2>/dev/null as ldpdserv@diglib-service-prod1.cul.columbia.edu
 DEBUG [54e86db3] Command: /usr/bin/env cat /tmp/gsas_deployment_testing/gsas_sync_staging/current/REVISION_TIME 2>/dev/null
 DEBUG [54e86db3] 	1751575584
 DEBUG [54e86db3] Finished in 0.247 seconds with exit status 0 (successful).
 DEBUG [dfe97e9b] Running [ -f /tmp/gsas_deployment_testing/gsas_sync_staging/repo/HEAD ] as ldpdserv@diglib-service-prod1.cul.columbia.edu
 DEBUG [dfe97e9b] Command: [ -f /tmp/gsas_deployment_testing/gsas_sync_staging/repo/HEAD ]
 DEBUG [dfe97e9b] Finished in 0.226 seconds with exit status 0 (successful).
  INFO The repository mirror is at /tmp/gsas_deployment_testing/gsas_sync_staging/repo
 DEBUG [6b1db5e0] Running if test ! -d /tmp/gsas_deployment_testing/gsas_sync_staging/repo; then echo "Directory does not exist '/tmp/gsas_deployment_testing/gsas_sync_staging/repo'" 1>&2; false; fi as ldpdserv@diglib-service-prod1.cul.columbia.edu
 DEBUG [6b1db5e0] Command: if test ! -d /tmp/gsas_deployment_testing/gsas_sync_staging/repo; then echo "Directory does not exist '/tmp/gsas_deployment_testing/gsas_sync_staging/repo'" 1>&2; false; fi
 DEBUG [6b1db5e0] Finished in 0.240 seconds with exit status 0 (successful).
  INFO [2084a417] Running /usr/bin/env git remote set-url origin git@github.com:cul/gsas_sync.git/ as ldpdserv@diglib-service-prod1.cul.columbia.edu
 DEBUG [2084a417] Command: cd /tmp/gsas_deployment_testing/gsas_sync_staging/repo && ( export GIT_ASKPASS="/bin/echo" GIT_SSH="/tmp/git-ssh-55c5e6b229196df9acaf.sh" ; /usr/bin/env git remote set-url origin git@github.com:cul/gsas_sync.git/ )
  INFO [2084a417] Finished in 0.230 seconds with exit status 0 (successful).
  INFO [8fab0824] Running /usr/bin/env git remote update --prune as ldpdserv@diglib-service-prod1.cul.columbia.edu
 DEBUG [8fab0824] Command: cd /tmp/gsas_deployment_testing/gsas_sync_staging/repo && ( export GIT_ASKPASS="/bin/echo" GIT_SSH="/tmp/git-ssh-55c5e6b229196df9acaf.sh" ; /usr/bin/env git remote update --prune )
  INFO [8fab0824] Finished in 0.996 seconds with exit status 0 (successful).
 DEBUG [fc038feb] Running if test ! -d /tmp/gsas_deployment_testing/gsas_sync_staging/repo; then echo "Directory does not exist '/tmp/gsas_deployment_testing/gsas_sync_staging/repo'" 1>&2; false; fi as ldpdserv@diglib-service-prod1.cul.columbia.edu
 DEBUG [fc038feb] Command: if test ! -d /tmp/gsas_deployment_testing/gsas_sync_staging/repo; then echo "Directory does not exist '/tmp/gsas_deployment_testing/gsas_sync_staging/repo'" 1>&2; false; fi
 DEBUG [fc038feb] Finished in 0.219 seconds with exit status 0 (successful).
  INFO [0d736ca8] Running /usr/bin/env mkdir -p /tmp/gsas_deployment_testing/gsas_sync_staging/releases/20250703212624 as ldpdserv@diglib-service-prod1.cul.columbia.edu
 DEBUG [0d736ca8] Command: cd /tmp/gsas_deployment_testing/gsas_sync_staging/repo && ( export GIT_ASKPASS="/bin/echo" GIT_SSH="/tmp/git-ssh-55c5e6b229196df9acaf.sh" ; /usr/bin/env mkdir -p /tmp/gsas_deployment_testing/gsas_sync_staging/releases/20250703212624 )
  INFO [0d736ca8] Finished in 0.234 seconds with exit status 0 (successful).
  INFO [9079aeec] Running /usr/bin/env git archive LDPD-451 | /usr/bin/env tar -x -f - -C /tmp/gsas_deployment_testing/gsas_sync_staging/releases/20250703212624 as ldpdserv@diglib-service-prod1.cul.columbia.edu
 DEBUG [9079aeec] Command: cd /tmp/gsas_deployment_testing/gsas_sync_staging/repo && ( export GIT_ASKPASS="/bin/echo" GIT_SSH="/tmp/git-ssh-55c5e6b229196df9acaf.sh" ; /usr/bin/env git archive LDPD-451 | /usr/bin/env tar -x -f - -C /tmp/gsas_deployment_testing/gsas_sync_staging/releases/20250703212624 )
  INFO [9079aeec] Finished in 0.224 seconds with exit status 0 (successful).
 DEBUG [bf110e38] Running if test ! -d /tmp/gsas_deployment_testing/gsas_sync_staging/repo; then echo "Directory does not exist '/tmp/gsas_deployment_testing/gsas_sync_staging/repo'" 1>&2; false; fi as ldpdserv@diglib-service-prod1.cul.columbia.edu
 DEBUG [bf110e38] Command: if test ! -d /tmp/gsas_deployment_testing/gsas_sync_staging/repo; then echo "Directory does not exist '/tmp/gsas_deployment_testing/gsas_sync_staging/repo'" 1>&2; false; fi
 DEBUG [bf110e38] Finished in 0.212 seconds with exit status 0 (successful).
 DEBUG [b1533104] Running /usr/bin/env git rev-list --max-count=1 LDPD-451 as ldpdserv@diglib-service-prod1.cul.columbia.edu
 DEBUG [b1533104] Command: cd /tmp/gsas_deployment_testing/gsas_sync_staging/repo && ( export GIT_ASKPASS="/bin/echo" GIT_SSH="/tmp/git-ssh-55c5e6b229196df9acaf.sh" ; /usr/bin/env git rev-list --max-count=1 LDPD-451 )
 DEBUG [b1533104] 	6093480d4b5cd8eab1c7b932cccdab2bafcf961c
 DEBUG [b1533104] Finished in 0.247 seconds with exit status 0 (successful).
 DEBUG [745c855a] Running if test ! -d /tmp/gsas_deployment_testing/gsas_sync_staging/releases/20250703212624; then echo "Directory does not exist '/tmp/gsas_deployment_testing/gsas_sync_staging/releases/20250703212624'" 1>&2; false; fi as ldpdserv@diglib-service-prod1.cul.columbia.edu
 DEBUG [745c855a] Command: if test ! -d /tmp/gsas_deployment_testing/gsas_sync_staging/releases/20250703212624; then echo "Directory does not exist '/tmp/gsas_deployment_testing/gsas_sync_staging/releases/20250703212624'" 1>&2; false; fi
 DEBUG [745c855a] Finished in 0.234 seconds with exit status 0 (successful).
  INFO [e602f2d0] Running /usr/bin/env echo "6093480d4b5cd8eab1c7b932cccdab2bafcf961c" > REVISION as ldpdserv@diglib-service-prod1.cul.columbia.edu
 DEBUG [e602f2d0] Command: cd /tmp/gsas_deployment_testing/gsas_sync_staging/releases/20250703212624 && /usr/bin/env echo "6093480d4b5cd8eab1c7b932cccdab2bafcf961c" > REVISION
  INFO [e602f2d0] Finished in 0.248 seconds with exit status 0 (successful).
 DEBUG [440dccf8] Running if test ! -d /tmp/gsas_deployment_testing/gsas_sync_staging/repo; then echo "Directory does not exist '/tmp/gsas_deployment_testing/gsas_sync_staging/repo'" 1>&2; false; fi as ldpdserv@diglib-service-prod1.cul.columbia.edu
 DEBUG [440dccf8] Command: if test ! -d /tmp/gsas_deployment_testing/gsas_sync_staging/repo; then echo "Directory does not exist '/tmp/gsas_deployment_testing/gsas_sync_staging/repo'" 1>&2; false; fi
 DEBUG [440dccf8] Finished in 0.223 seconds with exit status 0 (successful).
 DEBUG [125175d5] Running /usr/bin/env git --no-pager log -1 --pretty=format:"%ct" LDPD-451 as ldpdserv@diglib-service-prod1.cul.columbia.edu
 DEBUG [125175d5] Command: cd /tmp/gsas_deployment_testing/gsas_sync_staging/repo && ( export GIT_ASKPASS="/bin/echo" GIT_SSH="/tmp/git-ssh-55c5e6b229196df9acaf.sh" ; /usr/bin/env git --no-pager log -1 --pretty=format:"%ct" LDPD-451 )
 DEBUG [125175d5] 	1751575584
 DEBUG [125175d5] Finished in 0.214 seconds with exit status 0 (successful).
 DEBUG [18f7c149] Running if test ! -d /tmp/gsas_deployment_testing/gsas_sync_staging/releases/20250703212624; then echo "Directory does not exist '/tmp/gsas_deployment_testing/gsas_sync_staging/releases/20250703212624'" 1>&2; false; fi as ldpdserv@diglib-service-prod1.cul.columbia.edu
 DEBUG [18f7c149] Command: if test ! -d /tmp/gsas_deployment_testing/gsas_sync_staging/releases/20250703212624; then echo "Directory does not exist '/tmp/gsas_deployment_testing/gsas_sync_staging/releases/20250703212624'" 1>&2; false; fi
 DEBUG [18f7c149] Finished in 0.227 seconds with exit status 0 (successful).
  INFO [68f02e49] Running /usr/bin/env echo "1751575584" > REVISION_TIME as ldpdserv@diglib-service-prod1.cul.columbia.edu
 DEBUG [68f02e49] Command: cd /tmp/gsas_deployment_testing/gsas_sync_staging/releases/20250703212624 && /usr/bin/env echo "1751575584" > REVISION_TIME
  INFO [68f02e49] Finished in 0.208 seconds with exit status 0 (successful).
  INFO [a8d628fe] Running /usr/bin/env mkdir -p /tmp/gsas_deployment_testing/gsas_sync_staging/releases/20250703212624/config as ldpdserv@diglib-service-prod1.cul.columbia.edu
 DEBUG [a8d628fe] Command: /usr/bin/env mkdir -p /tmp/gsas_deployment_testing/gsas_sync_staging/releases/20250703212624/config
  INFO [a8d628fe] Finished in 0.209 seconds with exit status 0 (successful).
 DEBUG [c592a76c] Running [ -L /tmp/gsas_deployment_testing/gsas_sync_staging/releases/20250703212624/config/config.yml ] as ldpdserv@diglib-service-prod1.cul.columbia.edu
 DEBUG [c592a76c] Command: [ -L /tmp/gsas_deployment_testing/gsas_sync_staging/releases/20250703212624/config/config.yml ]
 DEBUG [c592a76c] Finished in 0.216 seconds with exit status 1 (failed).
 DEBUG [1ea519ef] Running [ -f /tmp/gsas_deployment_testing/gsas_sync_staging/releases/20250703212624/config/config.yml ] as ldpdserv@diglib-service-prod1.cul.columbia.edu
 DEBUG [1ea519ef] Command: [ -f /tmp/gsas_deployment_testing/gsas_sync_staging/releases/20250703212624/config/config.yml ]
 DEBUG [1ea519ef] Finished in 0.224 seconds with exit status 1 (failed).
  INFO [ed7eb84d] Running /usr/bin/env ln -s /tmp/gsas_deployment_testing/gsas_sync_staging/shared/config/config.yml /tmp/gsas_deployment_testing/gsas_sync_staging/releases/20250703212624/config/config.yml as ldpdserv@diglib-service-prod1.cul.columbia.edu
 DEBUG [ed7eb84d] Command: /usr/bin/env ln -s /tmp/gsas_deployment_testing/gsas_sync_staging/shared/config/config.yml /tmp/gsas_deployment_testing/gsas_sync_staging/releases/20250703212624/config/config.yml
  INFO [ed7eb84d] Finished in 0.216 seconds with exit status 0 (successful).
  INFO [3bd4fc40] Running /usr/bin/env ln -s /tmp/gsas_deployment_testing/gsas_sync_staging/releases/20250703212624 /tmp/gsas_deployment_testing/gsas_sync_staging/releases/current as ldpdserv@diglib-service-prod1.cul.columbia.edu
 DEBUG [3bd4fc40] Command: /usr/bin/env ln -s /tmp/gsas_deployment_testing/gsas_sync_staging/releases/20250703212624 /tmp/gsas_deployment_testing/gsas_sync_staging/releases/current
  INFO [3bd4fc40] Finished in 0.213 seconds with exit status 0 (successful).
  INFO [22c7d90c] Running /usr/bin/env mv /tmp/gsas_deployment_testing/gsas_sync_staging/releases/current /tmp/gsas_deployment_testing/gsas_sync_staging as ldpdserv@diglib-service-prod1.cul.columbia.edu
 DEBUG [22c7d90c] Command: /usr/bin/env mv /tmp/gsas_deployment_testing/gsas_sync_staging/releases/current /tmp/gsas_deployment_testing/gsas_sync_staging
  INFO [22c7d90c] Finished in 0.223 seconds with exit status 0 (successful).
 DEBUG [59dccf1c] Running /usr/bin/env ls -x /tmp/gsas_deployment_testing/gsas_sync_staging/releases as ldpdserv@diglib-service-prod1.cul.columbia.edu
 DEBUG [59dccf1c] Command: /usr/bin/env ls -x /tmp/gsas_deployment_testing/gsas_sync_staging/releases
 DEBUG [59dccf1c] 	20250703211437	20250703212405	20250703212624
 DEBUG [59dccf1c] Finished in 0.218 seconds with exit status 0 (successful).
 DEBUG [4d713d47] Running if test ! -d /tmp/gsas_deployment_testing/gsas_sync_staging/releases; then echo "Directory does not exist '/tmp/gsas_deployment_testing/gsas_sync_staging/releases'" 1>&2; false; fi as ldpdserv@diglib-service-prod1.cul.columbia.edu
 DEBUG [4d713d47] Command: if test ! -d /tmp/gsas_deployment_testing/gsas_sync_staging/releases; then echo "Directory does not exist '/tmp/gsas_deployment_testing/gsas_sync_staging/releases'" 1>&2; false; fi
 DEBUG [4d713d47] Finished in 0.224 seconds with exit status 0 (successful).
  INFO [c45e12c1] Running /usr/bin/env echo "Branch LDPD-451 (at 6093480d4b5cd8eab1c7b932cccdab2bafcf961c) deployed as release 20250703212624 by bg2918" >> /tmp/gsas_deployment_testing/gsas_sync_staging/revisions.log as ldpdserv@diglib-service-prod1.cul.columbia.edu
 DEBUG [c45e12c1] Command: cd /tmp/gsas_deployment_testing/gsas_sync_staging/releases && /usr/bin/env echo "Branch LDPD-451 (at 6093480d4b5cd8eab1c7b932cccdab2bafcf961c) deployed as release 20250703212624 by bg2918" >> /tmp/gsas_deployment_testing/gsas_sync_staging/revisions.log
  INFO [c45e12c1] Finished in 0.225 seconds with exit status 0 (successful).
  INFO ---------------------------------------------------------------------------
  INFO START 2025-07-03 17:27:10 -0400 cap staging deploy
  INFO ---------------------------------------------------------------------------
  INFO [676a0b46] Running /usr/bin/env mkdir -p /tmp as ldpdserv@diglib-service-prod1.cul.columbia.edu
 DEBUG [676a0b46] Command: /usr/bin/env mkdir -p /tmp
  INFO [676a0b46] Finished in 0.670 seconds with exit status 0 (successful).
 DEBUG Uploading /tmp/git-ssh-4697302e8263cdabd0be.sh 0.0%
  INFO Uploading /tmp/git-ssh-4697302e8263cdabd0be.sh 100.0%
  INFO [2b895205] Running /usr/bin/env chmod 700 /tmp/git-ssh-4697302e8263cdabd0be.sh as ldpdserv@diglib-service-prod1.cul.columbia.edu
 DEBUG [2b895205] Command: /usr/bin/env chmod 700 /tmp/git-ssh-4697302e8263cdabd0be.sh
  INFO [2b895205] Finished in 0.227 seconds with exit status 0 (successful).
  INFO [4b76052b] Running /usr/bin/env git ls-remote git@github.com:cul/gsas_sync.git/ HEAD as ldpdserv@diglib-service-prod1.cul.columbia.edu
 DEBUG [4b76052b] Command: ( export GIT_ASKPASS="/bin/echo" GIT_SSH="/tmp/git-ssh-4697302e8263cdabd0be.sh" ; /usr/bin/env git ls-remote git@github.com:cul/gsas_sync.git/ HEAD )
 DEBUG [4b76052b] 	5485efbe34266224b5835cfbb807f3d37ef2b03f	HEAD
  INFO [4b76052b] Finished in 1.060 seconds with exit status 0 (successful).
  INFO [704e9a7e] Running /usr/bin/env mkdir -p /tmp/gsas_deployment_testing/gsas_sync_staging/shared /tmp/gsas_deployment_testing/gsas_sync_staging/releases as ldpdserv@diglib-service-prod1.cul.columbia.edu
 DEBUG [704e9a7e] Command: /usr/bin/env mkdir -p /tmp/gsas_deployment_testing/gsas_sync_staging/shared /tmp/gsas_deployment_testing/gsas_sync_staging/releases
  INFO [704e9a7e] Finished in 0.220 seconds with exit status 0 (successful).
  INFO [aa3f38ec] Running /usr/bin/env mkdir -p /tmp/gsas_deployment_testing/gsas_sync_staging/shared/config as ldpdserv@diglib-service-prod1.cul.columbia.edu
 DEBUG [aa3f38ec] Command: /usr/bin/env mkdir -p /tmp/gsas_deployment_testing/gsas_sync_staging/shared/config
  INFO [aa3f38ec] Finished in 0.224 seconds with exit status 0 (successful).
 DEBUG [3b0dedd0] Running [ -f /tmp/gsas_deployment_testing/gsas_sync_staging/shared/config/config.yml ] as ldpdserv@diglib-service-prod1.cul.columbia.edu
 DEBUG [3b0dedd0] Command: [ -f /tmp/gsas_deployment_testing/gsas_sync_staging/shared/config/config.yml ]
 DEBUG [3b0dedd0] Finished in 0.217 seconds with exit status 0 (successful).
 DEBUG [415758a6] Running [ -f /tmp/gsas_deployment_testing/gsas_sync_staging/current/REVISION ] as ldpdserv@diglib-service-prod1.cul.columbia.edu
 DEBUG [415758a6] Command: [ -f /tmp/gsas_deployment_testing/gsas_sync_staging/current/REVISION ]
 DEBUG [415758a6] Finished in 0.215 seconds with exit status 0 (successful).
 DEBUG [0de6cb0d] Running /usr/bin/env cat /tmp/gsas_deployment_testing/gsas_sync_staging/current/REVISION 2>/dev/null as ldpdserv@diglib-service-prod1.cul.columbia.edu
 DEBUG [0de6cb0d] Command: /usr/bin/env cat /tmp/gsas_deployment_testing/gsas_sync_staging/current/REVISION 2>/dev/null
 DEBUG [0de6cb0d] 	6093480d4b5cd8eab1c7b932cccdab2bafcf961c
 DEBUG [0de6cb0d] Finished in 0.227 seconds with exit status 0 (successful).
 DEBUG [14608b5d] Running [ -f /tmp/gsas_deployment_testing/gsas_sync_staging/current/REVISION_TIME ] as ldpdserv@diglib-service-prod1.cul.columbia.edu
 DEBUG [14608b5d] Command: [ -f /tmp/gsas_deployment_testing/gsas_sync_staging/current/REVISION_TIME ]
 DEBUG [14608b5d] Finished in 0.223 seconds with exit status 0 (successful).
 DEBUG [8aedb4a8] Running /usr/bin/env cat /tmp/gsas_deployment_testing/gsas_sync_staging/current/REVISION_TIME 2>/dev/null as ldpdserv@diglib-service-prod1.cul.columbia.edu
 DEBUG [8aedb4a8] Command: /usr/bin/env cat /tmp/gsas_deployment_testing/gsas_sync_staging/current/REVISION_TIME 2>/dev/null
 DEBUG [8aedb4a8] 	1751575584
 DEBUG [8aedb4a8] Finished in 0.254 seconds with exit status 0 (successful).
 DEBUG [b40332f2] Running [ -f /tmp/gsas_deployment_testing/gsas_sync_staging/repo/HEAD ] as ldpdserv@diglib-service-prod1.cul.columbia.edu
 DEBUG [b40332f2] Command: [ -f /tmp/gsas_deployment_testing/gsas_sync_staging/repo/HEAD ]
 DEBUG [b40332f2] Finished in 0.219 seconds with exit status 0 (successful).
  INFO The repository mirror is at /tmp/gsas_deployment_testing/gsas_sync_staging/repo
 DEBUG [257e244e] Running if test ! -d /tmp/gsas_deployment_testing/gsas_sync_staging/repo; then echo "Directory does not exist '/tmp/gsas_deployment_testing/gsas_sync_staging/repo'" 1>&2; false; fi as ldpdserv@diglib-service-prod1.cul.columbia.edu
 DEBUG [257e244e] Command: if test ! -d /tmp/gsas_deployment_testing/gsas_sync_staging/repo; then echo "Directory does not exist '/tmp/gsas_deployment_testing/gsas_sync_staging/repo'" 1>&2; false; fi
 DEBUG [257e244e] Finished in 0.217 seconds with exit status 0 (successful).
  INFO [27d65880] Running /usr/bin/env git remote set-url origin git@github.com:cul/gsas_sync.git/ as ldpdserv@diglib-service-prod1.cul.columbia.edu
 DEBUG [27d65880] Command: cd /tmp/gsas_deployment_testing/gsas_sync_staging/repo && ( export GIT_ASKPASS="/bin/echo" GIT_SSH="/tmp/git-ssh-4697302e8263cdabd0be.sh" ; /usr/bin/env git remote set-url origin git@github.com:cul/gsas_sync.git/ )
  INFO [27d65880] Finished in 0.236 seconds with exit status 0 (successful).
  INFO [b8a18d66] Running /usr/bin/env git remote update --prune as ldpdserv@diglib-service-prod1.cul.columbia.edu
 DEBUG [b8a18d66] Command: cd /tmp/gsas_deployment_testing/gsas_sync_staging/repo && ( export GIT_ASKPASS="/bin/echo" GIT_SSH="/tmp/git-ssh-4697302e8263cdabd0be.sh" ; /usr/bin/env git remote update --prune )
 DEBUG [b8a18d66] 	From github.com:cul/gsas_sync
   6093480..5485efb  LDPD-451          -> LDPD-451
 DEBUG [b8a18d66] 	   6093480..5485efb  refs/pull/1/head  -> refs/pull/1/head
 DEBUG [b8a18d66] 	 + 1af5c88...eca5204 refs/pull/1/merge -> refs/pull/1/merge  (forced update)
  INFO [b8a18d66] Finished in 1.031 seconds with exit status 0 (successful).
 DEBUG [31eea634] Running if test ! -d /tmp/gsas_deployment_testing/gsas_sync_staging/repo; then echo "Directory does not exist '/tmp/gsas_deployment_testing/gsas_sync_staging/repo'" 1>&2; false; fi as ldpdserv@diglib-service-prod1.cul.columbia.edu
 DEBUG [31eea634] Command: if test ! -d /tmp/gsas_deployment_testing/gsas_sync_staging/repo; then echo "Directory does not exist '/tmp/gsas_deployment_testing/gsas_sync_staging/repo'" 1>&2; false; fi
 DEBUG [31eea634] Finished in 0.216 seconds with exit status 0 (successful).
  INFO [efa0e39c] Running /usr/bin/env mkdir -p /tmp/gsas_deployment_testing/gsas_sync_staging/releases/20250703212714 as ldpdserv@diglib-service-prod1.cul.columbia.edu
 DEBUG [efa0e39c] Command: cd /tmp/gsas_deployment_testing/gsas_sync_staging/repo && ( export GIT_ASKPASS="/bin/echo" GIT_SSH="/tmp/git-ssh-4697302e8263cdabd0be.sh" ; /usr/bin/env mkdir -p /tmp/gsas_deployment_testing/gsas_sync_staging/releases/20250703212714 )
  INFO [efa0e39c] Finished in 0.203 seconds with exit status 0 (successful).
  INFO [dd5cd5ab] Running /usr/bin/env git archive LDPD-451 | /usr/bin/env tar -x -f - -C /tmp/gsas_deployment_testing/gsas_sync_staging/releases/20250703212714 as ldpdserv@diglib-service-prod1.cul.columbia.edu
 DEBUG [dd5cd5ab] Command: cd /tmp/gsas_deployment_testing/gsas_sync_staging/repo && ( export GIT_ASKPASS="/bin/echo" GIT_SSH="/tmp/git-ssh-4697302e8263cdabd0be.sh" ; /usr/bin/env git archive LDPD-451 | /usr/bin/env tar -x -f - -C /tmp/gsas_deployment_testing/gsas_sync_staging/releases/20250703212714 )
  INFO [dd5cd5ab] Finished in 0.222 seconds with exit status 0 (successful).
 DEBUG [a0c74545] Running if test ! -d /tmp/gsas_deployment_testing/gsas_sync_staging/repo; then echo "Directory does not exist '/tmp/gsas_deployment_testing/gsas_sync_staging/repo'" 1>&2; false; fi as ldpdserv@diglib-service-prod1.cul.columbia.edu
 DEBUG [a0c74545] Command: if test ! -d /tmp/gsas_deployment_testing/gsas_sync_staging/repo; then echo "Directory does not exist '/tmp/gsas_deployment_testing/gsas_sync_staging/repo'" 1>&2; false; fi
 DEBUG [a0c74545] Finished in 0.209 seconds with exit status 0 (successful).
 DEBUG [cca59ec8] Running /usr/bin/env git rev-list --max-count=1 LDPD-451 as ldpdserv@diglib-service-prod1.cul.columbia.edu
 DEBUG [cca59ec8] Command: cd /tmp/gsas_deployment_testing/gsas_sync_staging/repo && ( export GIT_ASKPASS="/bin/echo" GIT_SSH="/tmp/git-ssh-4697302e8263cdabd0be.sh" ; /usr/bin/env git rev-list --max-count=1 LDPD-451 )
 DEBUG [cca59ec8] 	5485efbe34266224b5835cfbb807f3d37ef2b03f
 DEBUG [cca59ec8] Finished in 0.230 seconds with exit status 0 (successful).
 DEBUG [b6f34ec8] Running if test ! -d /tmp/gsas_deployment_testing/gsas_sync_staging/releases/20250703212714; then echo "Directory does not exist '/tmp/gsas_deployment_testing/gsas_sync_staging/releases/20250703212714'" 1>&2; false; fi as ldpdserv@diglib-service-prod1.cul.columbia.edu
 DEBUG [b6f34ec8] Command: if test ! -d /tmp/gsas_deployment_testing/gsas_sync_staging/releases/20250703212714; then echo "Directory does not exist '/tmp/gsas_deployment_testing/gsas_sync_staging/releases/20250703212714'" 1>&2; false; fi
 DEBUG [b6f34ec8] Finished in 0.229 seconds with exit status 0 (successful).
  INFO [97a49212] Running /usr/bin/env echo "5485efbe34266224b5835cfbb807f3d37ef2b03f" > REVISION as ldpdserv@diglib-service-prod1.cul.columbia.edu
 DEBUG [97a49212] Command: cd /tmp/gsas_deployment_testing/gsas_sync_staging/releases/20250703212714 && /usr/bin/env echo "5485efbe34266224b5835cfbb807f3d37ef2b03f" > REVISION
  INFO [97a49212] Finished in 0.229 seconds with exit status 0 (successful).
 DEBUG [10e9503d] Running if test ! -d /tmp/gsas_deployment_testing/gsas_sync_staging/repo; then echo "Directory does not exist '/tmp/gsas_deployment_testing/gsas_sync_staging/repo'" 1>&2; false; fi as ldpdserv@diglib-service-prod1.cul.columbia.edu
 DEBUG [10e9503d] Command: if test ! -d /tmp/gsas_deployment_testing/gsas_sync_staging/repo; then echo "Directory does not exist '/tmp/gsas_deployment_testing/gsas_sync_staging/repo'" 1>&2; false; fi
 DEBUG [10e9503d] Finished in 0.242 seconds with exit status 0 (successful).
 DEBUG [20a06299] Running /usr/bin/env git --no-pager log -1 --pretty=format:"%ct" LDPD-451 as ldpdserv@diglib-service-prod1.cul.columbia.edu
 DEBUG [20a06299] Command: cd /tmp/gsas_deployment_testing/gsas_sync_staging/repo && ( export GIT_ASKPASS="/bin/echo" GIT_SSH="/tmp/git-ssh-4697302e8263cdabd0be.sh" ; /usr/bin/env git --no-pager log -1 --pretty=format:"%ct" LDPD-451 )
 DEBUG [20a06299] 	1751578022
 DEBUG [20a06299] Finished in 0.235 seconds with exit status 0 (successful).
 DEBUG [69dcbd8a] Running if test ! -d /tmp/gsas_deployment_testing/gsas_sync_staging/releases/20250703212714; then echo "Directory does not exist '/tmp/gsas_deployment_testing/gsas_sync_staging/releases/20250703212714'" 1>&2; false; fi as ldpdserv@diglib-service-prod1.cul.columbia.edu
 DEBUG [69dcbd8a] Command: if test ! -d /tmp/gsas_deployment_testing/gsas_sync_staging/releases/20250703212714; then echo "Directory does not exist '/tmp/gsas_deployment_testing/gsas_sync_staging/releases/20250703212714'" 1>&2; false; fi
 DEBUG [69dcbd8a] Finished in 0.212 seconds with exit status 0 (successful).
  INFO [0711d7a4] Running /usr/bin/env echo "1751578022" > REVISION_TIME as ldpdserv@diglib-service-prod1.cul.columbia.edu
 DEBUG [0711d7a4] Command: cd /tmp/gsas_deployment_testing/gsas_sync_staging/releases/20250703212714 && /usr/bin/env echo "1751578022" > REVISION_TIME
  INFO [0711d7a4] Finished in 0.211 seconds with exit status 0 (successful).
  INFO [a6b493a4] Running /usr/bin/env mkdir -p /tmp/gsas_deployment_testing/gsas_sync_staging/releases/20250703212714/config as ldpdserv@diglib-service-prod1.cul.columbia.edu
 DEBUG [a6b493a4] Command: /usr/bin/env mkdir -p /tmp/gsas_deployment_testing/gsas_sync_staging/releases/20250703212714/config
  INFO [a6b493a4] Finished in 0.228 seconds with exit status 0 (successful).
 DEBUG [3b7db1cb] Running [ -L /tmp/gsas_deployment_testing/gsas_sync_staging/releases/20250703212714/config/config.yml ] as ldpdserv@diglib-service-prod1.cul.columbia.edu
 DEBUG [3b7db1cb] Command: [ -L /tmp/gsas_deployment_testing/gsas_sync_staging/releases/20250703212714/config/config.yml ]
 DEBUG [3b7db1cb] Finished in 0.231 seconds with exit status 1 (failed).
 DEBUG [d1a474a7] Running [ -f /tmp/gsas_deployment_testing/gsas_sync_staging/releases/20250703212714/config/config.yml ] as ldpdserv@diglib-service-prod1.cul.columbia.edu
 DEBUG [d1a474a7] Command: [ -f /tmp/gsas_deployment_testing/gsas_sync_staging/releases/20250703212714/config/config.yml ]
 DEBUG [d1a474a7] Finished in 0.228 seconds with exit status 1 (failed).
  INFO [e407be35] Running /usr/bin/env ln -s /tmp/gsas_deployment_testing/gsas_sync_staging/shared/config/config.yml /tmp/gsas_deployment_testing/gsas_sync_staging/releases/20250703212714/config/config.yml as ldpdserv@diglib-service-prod1.cul.columbia.edu
 DEBUG [e407be35] Command: /usr/bin/env ln -s /tmp/gsas_deployment_testing/gsas_sync_staging/shared/config/config.yml /tmp/gsas_deployment_testing/gsas_sync_staging/releases/20250703212714/config/config.yml
  INFO [e407be35] Finished in 0.219 seconds with exit status 0 (successful).
  INFO [178dfec0] Running /usr/bin/env ln -s /tmp/gsas_deployment_testing/gsas_sync_staging/releases/20250703212714 /tmp/gsas_deployment_testing/gsas_sync_staging/releases/current as ldpdserv@diglib-service-prod1.cul.columbia.edu
 DEBUG [178dfec0] Command: /usr/bin/env ln -s /tmp/gsas_deployment_testing/gsas_sync_staging/releases/20250703212714 /tmp/gsas_deployment_testing/gsas_sync_staging/releases/current
  INFO [178dfec0] Finished in 0.218 seconds with exit status 0 (successful).
  INFO [86319307] Running /usr/bin/env mv /tmp/gsas_deployment_testing/gsas_sync_staging/releases/current /tmp/gsas_deployment_testing/gsas_sync_staging as ldpdserv@diglib-service-prod1.cul.columbia.edu
 DEBUG [86319307] Command: /usr/bin/env mv /tmp/gsas_deployment_testing/gsas_sync_staging/releases/current /tmp/gsas_deployment_testing/gsas_sync_staging
  INFO [86319307] Finished in 0.221 seconds with exit status 0 (successful).
 DEBUG [a08b198d] Running /usr/bin/env ls -x /tmp/gsas_deployment_testing/gsas_sync_staging/releases as ldpdserv@diglib-service-prod1.cul.columbia.edu
 DEBUG [a08b198d] Command: /usr/bin/env ls -x /tmp/gsas_deployment_testing/gsas_sync_staging/releases
 DEBUG [a08b198d] 	20250703211437	20250703212405	20250703212624	20250703212714
 DEBUG [a08b198d] Finished in 0.226 seconds with exit status 0 (successful).
 DEBUG [8aed57a8] Running if test ! -d /tmp/gsas_deployment_testing/gsas_sync_staging/releases; then echo "Directory does not exist '/tmp/gsas_deployment_testing/gsas_sync_staging/releases'" 1>&2; false; fi as ldpdserv@diglib-service-prod1.cul.columbia.edu
 DEBUG [8aed57a8] Command: if test ! -d /tmp/gsas_deployment_testing/gsas_sync_staging/releases; then echo "Directory does not exist '/tmp/gsas_deployment_testing/gsas_sync_staging/releases'" 1>&2; false; fi
 DEBUG [8aed57a8] Finished in 0.214 seconds with exit status 0 (successful).
  INFO [289d30a3] Running /usr/bin/env echo "Branch LDPD-451 (at 5485efbe34266224b5835cfbb807f3d37ef2b03f) deployed as release 20250703212714 by bg2918" >> /tmp/gsas_deployment_testing/gsas_sync_staging/revisions.log as ldpdserv@diglib-service-prod1.cul.columbia.edu
 DEBUG [289d30a3] Command: cd /tmp/gsas_deployment_testing/gsas_sync_staging/releases && /usr/bin/env echo "Branch LDPD-451 (at 5485efbe34266224b5835cfbb807f3d37ef2b03f) deployed as release 20250703212714 by bg2918" >> /tmp/gsas_deployment_testing/gsas_sync_staging/revisions.log
  INFO [289d30a3] Finished in 0.233 seconds with exit status 0 (successful).
  INFO ---------------------------------------------------------------------------
  INFO START 2025-07-03 17:29:16 -0400 cap staging deploy
  INFO ---------------------------------------------------------------------------
  INFO [8346da5e] Running /usr/bin/env mkdir -p /tmp as ldpdserv@diglib-service-prod1.cul.columbia.edu
 DEBUG [8346da5e] Command: /usr/bin/env mkdir -p /tmp
  INFO [8346da5e] Finished in 0.696 seconds with exit status 0 (successful).
 DEBUG Uploading /tmp/git-ssh-bf92748d32ac4747943a.sh 0.0%
  INFO Uploading /tmp/git-ssh-bf92748d32ac4747943a.sh 100.0%
  INFO [464b7ed7] Running /usr/bin/env chmod 700 /tmp/git-ssh-bf92748d32ac4747943a.sh as ldpdserv@diglib-service-prod1.cul.columbia.edu
 DEBUG [464b7ed7] Command: /usr/bin/env chmod 700 /tmp/git-ssh-bf92748d32ac4747943a.sh
  INFO [464b7ed7] Finished in 0.214 seconds with exit status 0 (successful).
  INFO [0b11e88c] Running /usr/bin/env git ls-remote git@github.com:cul/gsas_sync.git/ HEAD as ldpdserv@diglib-service-prod1.cul.columbia.edu
 DEBUG [0b11e88c] Command: ( export GIT_ASKPASS="/bin/echo" GIT_SSH="/tmp/git-ssh-bf92748d32ac4747943a.sh" ; /usr/bin/env git ls-remote git@github.com:cul/gsas_sync.git/ HEAD )
 DEBUG [0b11e88c] 	5485efbe34266224b5835cfbb807f3d37ef2b03f	HEAD
  INFO [0b11e88c] Finished in 1.125 seconds with exit status 0 (successful).
  INFO [2e9ae4b6] Running /usr/bin/env mkdir -p /tmp/gsas_deployment_testing/gsas_sync_staging/shared /tmp/gsas_deployment_testing/gsas_sync_staging/releases as ldpdserv@diglib-service-prod1.cul.columbia.edu
 DEBUG [2e9ae4b6] Command: /usr/bin/env mkdir -p /tmp/gsas_deployment_testing/gsas_sync_staging/shared /tmp/gsas_deployment_testing/gsas_sync_staging/releases
  INFO [2e9ae4b6] Finished in 0.283 seconds with exit status 0 (successful).
  INFO [2e78af92] Running /usr/bin/env mkdir -p /tmp/gsas_deployment_testing/gsas_sync_staging/shared/config as ldpdserv@diglib-service-prod1.cul.columbia.edu
 DEBUG [2e78af92] Command: /usr/bin/env mkdir -p /tmp/gsas_deployment_testing/gsas_sync_staging/shared/config
  INFO [2e78af92] Finished in 0.290 seconds with exit status 0 (successful).
 DEBUG [b71e7424] Running [ -f /tmp/gsas_deployment_testing/gsas_sync_staging/shared/config/config.yml ] as ldpdserv@diglib-service-prod1.cul.columbia.edu
 DEBUG [b71e7424] Command: [ -f /tmp/gsas_deployment_testing/gsas_sync_staging/shared/config/config.yml ]
 DEBUG [b71e7424] Finished in 0.218 seconds with exit status 0 (successful).
 DEBUG [05933559] Running [ -f /tmp/gsas_deployment_testing/gsas_sync_staging/current/REVISION ] as ldpdserv@diglib-service-prod1.cul.columbia.edu
 DEBUG [05933559] Command: [ -f /tmp/gsas_deployment_testing/gsas_sync_staging/current/REVISION ]
 DEBUG [05933559] Finished in 0.231 seconds with exit status 0 (successful).
 DEBUG [d6e2862e] Running /usr/bin/env cat /tmp/gsas_deployment_testing/gsas_sync_staging/current/REVISION 2>/dev/null as ldpdserv@diglib-service-prod1.cul.columbia.edu
 DEBUG [d6e2862e] Command: /usr/bin/env cat /tmp/gsas_deployment_testing/gsas_sync_staging/current/REVISION 2>/dev/null
 DEBUG [d6e2862e] 	5485efbe34266224b5835cfbb807f3d37ef2b03f
 DEBUG [d6e2862e] Finished in 0.234 seconds with exit status 0 (successful).
 DEBUG [51a29de7] Running [ -f /tmp/gsas_deployment_testing/gsas_sync_staging/current/REVISION_TIME ] as ldpdserv@diglib-service-prod1.cul.columbia.edu
 DEBUG [51a29de7] Command: [ -f /tmp/gsas_deployment_testing/gsas_sync_staging/current/REVISION_TIME ]
 DEBUG [51a29de7] Finished in 0.221 seconds with exit status 0 (successful).
 DEBUG [c982ca42] Running /usr/bin/env cat /tmp/gsas_deployment_testing/gsas_sync_staging/current/REVISION_TIME 2>/dev/null as ldpdserv@diglib-service-prod1.cul.columbia.edu
 DEBUG [c982ca42] Command: /usr/bin/env cat /tmp/gsas_deployment_testing/gsas_sync_staging/current/REVISION_TIME 2>/dev/null
 DEBUG [c982ca42] 	1751578022
 DEBUG [c982ca42] Finished in 0.232 seconds with exit status 0 (successful).
 DEBUG [1e99289f] Running [ -f /tmp/gsas_deployment_testing/gsas_sync_staging/repo/HEAD ] as ldpdserv@diglib-service-prod1.cul.columbia.edu
 DEBUG [1e99289f] Command: [ -f /tmp/gsas_deployment_testing/gsas_sync_staging/repo/HEAD ]
 DEBUG [1e99289f] Finished in 0.214 seconds with exit status 0 (successful).
  INFO The repository mirror is at /tmp/gsas_deployment_testing/gsas_sync_staging/repo
 DEBUG [87b153c9] Running if test ! -d /tmp/gsas_deployment_testing/gsas_sync_staging/repo; then echo "Directory does not exist '/tmp/gsas_deployment_testing/gsas_sync_staging/repo'" 1>&2; false; fi as ldpdserv@diglib-service-prod1.cul.columbia.edu
 DEBUG [87b153c9] Command: if test ! -d /tmp/gsas_deployment_testing/gsas_sync_staging/repo; then echo "Directory does not exist '/tmp/gsas_deployment_testing/gsas_sync_staging/repo'" 1>&2; false; fi
 DEBUG [87b153c9] Finished in 0.212 seconds with exit status 0 (successful).
  INFO [644caf6e] Running /usr/bin/env git remote set-url origin git@github.com:cul/gsas_sync.git/ as ldpdserv@diglib-service-prod1.cul.columbia.edu
 DEBUG [644caf6e] Command: cd /tmp/gsas_deployment_testing/gsas_sync_staging/repo && ( export GIT_ASKPASS="/bin/echo" GIT_SSH="/tmp/git-ssh-bf92748d32ac4747943a.sh" ; /usr/bin/env git remote set-url origin git@github.com:cul/gsas_sync.git/ )
  INFO [644caf6e] Finished in 0.225 seconds with exit status 0 (successful).
  INFO [85ae69b3] Running /usr/bin/env git remote update --prune as ldpdserv@diglib-service-prod1.cul.columbia.edu
 DEBUG [85ae69b3] Command: cd /tmp/gsas_deployment_testing/gsas_sync_staging/repo && ( export GIT_ASKPASS="/bin/echo" GIT_SSH="/tmp/git-ssh-bf92748d32ac4747943a.sh" ; /usr/bin/env git remote update --prune )
  INFO [85ae69b3] Finished in 1.029 seconds with exit status 0 (successful).
 DEBUG [fdaf5a9c] Running if test ! -d /tmp/gsas_deployment_testing/gsas_sync_staging/repo; then echo "Directory does not exist '/tmp/gsas_deployment_testing/gsas_sync_staging/repo'" 1>&2; false; fi as ldpdserv@diglib-service-prod1.cul.columbia.edu
 DEBUG [fdaf5a9c] Command: if test ! -d /tmp/gsas_deployment_testing/gsas_sync_staging/repo; then echo "Directory does not exist '/tmp/gsas_deployment_testing/gsas_sync_staging/repo'" 1>&2; false; fi
 DEBUG [fdaf5a9c] Finished in 0.237 seconds with exit status 0 (successful).
  INFO [14b06a44] Running /usr/bin/env mkdir -p /tmp/gsas_deployment_testing/gsas_sync_staging/releases/20250703212920 as ldpdserv@diglib-service-prod1.cul.columbia.edu
 DEBUG [14b06a44] Command: cd /tmp/gsas_deployment_testing/gsas_sync_staging/repo && ( export GIT_ASKPASS="/bin/echo" GIT_SSH="/tmp/git-ssh-bf92748d32ac4747943a.sh" ; /usr/bin/env mkdir -p /tmp/gsas_deployment_testing/gsas_sync_staging/releases/20250703212920 )
  INFO [14b06a44] Finished in 0.222 seconds with exit status 0 (successful).
  INFO [e17fbb0e] Running /usr/bin/env git archive LDPD-451 | /usr/bin/env tar -x -f - -C /tmp/gsas_deployment_testing/gsas_sync_staging/releases/20250703212920 as ldpdserv@diglib-service-prod1.cul.columbia.edu
 DEBUG [e17fbb0e] Command: cd /tmp/gsas_deployment_testing/gsas_sync_staging/repo && ( export GIT_ASKPASS="/bin/echo" GIT_SSH="/tmp/git-ssh-bf92748d32ac4747943a.sh" ; /usr/bin/env git archive LDPD-451 | /usr/bin/env tar -x -f - -C /tmp/gsas_deployment_testing/gsas_sync_staging/releases/20250703212920 )
  INFO [e17fbb0e] Finished in 0.221 seconds with exit status 0 (successful).
 DEBUG [dafd4f9a] Running if test ! -d /tmp/gsas_deployment_testing/gsas_sync_staging/repo; then echo "Directory does not exist '/tmp/gsas_deployment_testing/gsas_sync_staging/repo'" 1>&2; false; fi as ldpdserv@diglib-service-prod1.cul.columbia.edu
 DEBUG [dafd4f9a] Command: if test ! -d /tmp/gsas_deployment_testing/gsas_sync_staging/repo; then echo "Directory does not exist '/tmp/gsas_deployment_testing/gsas_sync_staging/repo'" 1>&2; false; fi
 DEBUG [dafd4f9a] Finished in 0.233 seconds with exit status 0 (successful).
 DEBUG [af3cbe3a] Running /usr/bin/env git rev-list --max-count=1 LDPD-451 as ldpdserv@diglib-service-prod1.cul.columbia.edu
 DEBUG [af3cbe3a] Command: cd /tmp/gsas_deployment_testing/gsas_sync_staging/repo && ( export GIT_ASKPASS="/bin/echo" GIT_SSH="/tmp/git-ssh-bf92748d32ac4747943a.sh" ; /usr/bin/env git rev-list --max-count=1 LDPD-451 )
 DEBUG [af3cbe3a] 	5485efbe34266224b5835cfbb807f3d37ef2b03f
 DEBUG [af3cbe3a] Finished in 0.256 seconds with exit status 0 (successful).
 DEBUG [19f1d536] Running if test ! -d /tmp/gsas_deployment_testing/gsas_sync_staging/releases/20250703212920; then echo "Directory does not exist '/tmp/gsas_deployment_testing/gsas_sync_staging/releases/20250703212920'" 1>&2; false; fi as ldpdserv@diglib-service-prod1.cul.columbia.edu
 DEBUG [19f1d536] Command: if test ! -d /tmp/gsas_deployment_testing/gsas_sync_staging/releases/20250703212920; then echo "Directory does not exist '/tmp/gsas_deployment_testing/gsas_sync_staging/releases/20250703212920'" 1>&2; false; fi
 DEBUG [19f1d536] Finished in 0.247 seconds with exit status 0 (successful).
  INFO [607d75a4] Running /usr/bin/env echo "5485efbe34266224b5835cfbb807f3d37ef2b03f" > REVISION as ldpdserv@diglib-service-prod1.cul.columbia.edu
 DEBUG [607d75a4] Command: cd /tmp/gsas_deployment_testing/gsas_sync_staging/releases/20250703212920 && /usr/bin/env echo "5485efbe34266224b5835cfbb807f3d37ef2b03f" > REVISION
  INFO [607d75a4] Finished in 0.259 seconds with exit status 0 (successful).
 DEBUG [df0154a0] Running if test ! -d /tmp/gsas_deployment_testing/gsas_sync_staging/repo; then echo "Directory does not exist '/tmp/gsas_deployment_testing/gsas_sync_staging/repo'" 1>&2; false; fi as ldpdserv@diglib-service-prod1.cul.columbia.edu
 DEBUG [df0154a0] Command: if test ! -d /tmp/gsas_deployment_testing/gsas_sync_staging/repo; then echo "Directory does not exist '/tmp/gsas_deployment_testing/gsas_sync_staging/repo'" 1>&2; false; fi
 DEBUG [df0154a0] Finished in 0.235 seconds with exit status 0 (successful).
 DEBUG [f6e3061b] Running /usr/bin/env git --no-pager log -1 --pretty=format:"%ct" LDPD-451 as ldpdserv@diglib-service-prod1.cul.columbia.edu
 DEBUG [f6e3061b] Command: cd /tmp/gsas_deployment_testing/gsas_sync_staging/repo && ( export GIT_ASKPASS="/bin/echo" GIT_SSH="/tmp/git-ssh-bf92748d32ac4747943a.sh" ; /usr/bin/env git --no-pager log -1 --pretty=format:"%ct" LDPD-451 )
 DEBUG [f6e3061b] 	1751578022
 DEBUG [f6e3061b] Finished in 0.238 seconds with exit status 0 (successful).
 DEBUG [4ce6e0f3] Running if test ! -d /tmp/gsas_deployment_testing/gsas_sync_staging/releases/20250703212920; then echo "Directory does not exist '/tmp/gsas_deployment_testing/gsas_sync_staging/releases/20250703212920'" 1>&2; false; fi as ldpdserv@diglib-service-prod1.cul.columbia.edu
 DEBUG [4ce6e0f3] Command: if test ! -d /tmp/gsas_deployment_testing/gsas_sync_staging/releases/20250703212920; then echo "Directory does not exist '/tmp/gsas_deployment_testing/gsas_sync_staging/releases/20250703212920'" 1>&2; false; fi
 DEBUG [4ce6e0f3] Finished in 0.227 seconds with exit status 0 (successful).
  INFO [9c4b2d08] Running /usr/bin/env echo "1751578022" > REVISION_TIME as ldpdserv@diglib-service-prod1.cul.columbia.edu
 DEBUG [9c4b2d08] Command: cd /tmp/gsas_deployment_testing/gsas_sync_staging/releases/20250703212920 && /usr/bin/env echo "1751578022" > REVISION_TIME
  INFO [9c4b2d08] Finished in 0.245 seconds with exit status 0 (successful).
  INFO [335afdad] Running /usr/bin/env mkdir -p /tmp/gsas_deployment_testing/gsas_sync_staging/releases/20250703212920/config as ldpdserv@diglib-service-prod1.cul.columbia.edu
 DEBUG [335afdad] Command: /usr/bin/env mkdir -p /tmp/gsas_deployment_testing/gsas_sync_staging/releases/20250703212920/config
  INFO [335afdad] Finished in 0.297 seconds with exit status 0 (successful).
 DEBUG [5ad9d4b9] Running [ -L /tmp/gsas_deployment_testing/gsas_sync_staging/releases/20250703212920/config/config.yml ] as ldpdserv@diglib-service-prod1.cul.columbia.edu
 DEBUG [5ad9d4b9] Command: [ -L /tmp/gsas_deployment_testing/gsas_sync_staging/releases/20250703212920/config/config.yml ]
 DEBUG [5ad9d4b9] Finished in 0.271 seconds with exit status 1 (failed).
 DEBUG [ee979870] Running [ -f /tmp/gsas_deployment_testing/gsas_sync_staging/releases/20250703212920/config/config.yml ] as ldpdserv@diglib-service-prod1.cul.columbia.edu
 DEBUG [ee979870] Command: [ -f /tmp/gsas_deployment_testing/gsas_sync_staging/releases/20250703212920/config/config.yml ]
 DEBUG [ee979870] Finished in 0.213 seconds with exit status 1 (failed).
  INFO [c39eff40] Running /usr/bin/env ln -s /tmp/gsas_deployment_testing/gsas_sync_staging/shared/config/config.yml /tmp/gsas_deployment_testing/gsas_sync_staging/releases/20250703212920/config/config.yml as ldpdserv@diglib-service-prod1.cul.columbia.edu
 DEBUG [c39eff40] Command: /usr/bin/env ln -s /tmp/gsas_deployment_testing/gsas_sync_staging/shared/config/config.yml /tmp/gsas_deployment_testing/gsas_sync_staging/releases/20250703212920/config/config.yml
  INFO [c39eff40] Finished in 0.215 seconds with exit status 0 (successful).
  INFO [8448ab0a] Running /usr/bin/env ln -s /tmp/gsas_deployment_testing/gsas_sync_staging/releases/20250703212920 /tmp/gsas_deployment_testing/gsas_sync_staging/releases/current as ldpdserv@diglib-service-prod1.cul.columbia.edu
 DEBUG [8448ab0a] Command: /usr/bin/env ln -s /tmp/gsas_deployment_testing/gsas_sync_staging/releases/20250703212920 /tmp/gsas_deployment_testing/gsas_sync_staging/releases/current
  INFO [8448ab0a] Finished in 0.223 seconds with exit status 0 (successful).
  INFO [3c33e7a5] Running /usr/bin/env mv /tmp/gsas_deployment_testing/gsas_sync_staging/releases/current /tmp/gsas_deployment_testing/gsas_sync_staging as ldpdserv@diglib-service-prod1.cul.columbia.edu
 DEBUG [3c33e7a5] Command: /usr/bin/env mv /tmp/gsas_deployment_testing/gsas_sync_staging/releases/current /tmp/gsas_deployment_testing/gsas_sync_staging
  INFO [3c33e7a5] Finished in 0.259 seconds with exit status 0 (successful).
 DEBUG [f0c2c38d] Running /usr/bin/env ls -x /tmp/gsas_deployment_testing/gsas_sync_staging/releases as ldpdserv@diglib-service-prod1.cul.columbia.edu
 DEBUG [f0c2c38d] Command: /usr/bin/env ls -x /tmp/gsas_deployment_testing/gsas_sync_staging/releases
 DEBUG [f0c2c38d] 	20250703211437	20250703212405	20250703212624	20250703212714	20250703212920
 DEBUG [f0c2c38d] Finished in 0.228 seconds with exit status 0 (successful).
  INFO Keeping 5 of 5 deployed releases on diglib-service-prod1.cul.columbia.edu
 DEBUG [f6101fa1] Running [ -d /tmp/gsas_deployment_testing/gsas_sync_staging/current ] as ldpdserv@diglib-service-prod1.cul.columbia.edu
 DEBUG [f6101fa1] Command: [ -d /tmp/gsas_deployment_testing/gsas_sync_staging/current ]
 DEBUG [f6101fa1] Finished in 0.226 seconds with exit status 0 (successful).
 DEBUG [1f229fdf] Running /usr/bin/env readlink /tmp/gsas_deployment_testing/gsas_sync_staging/current as ldpdserv@diglib-service-prod1.cul.columbia.edu
 DEBUG [1f229fdf] Command: /usr/bin/env readlink /tmp/gsas_deployment_testing/gsas_sync_staging/current
 DEBUG [1f229fdf] 	/tmp/gsas_deployment_testing/gsas_sync_staging/releases/20250703212920
 DEBUG [1f229fdf] Finished in 0.263 seconds with exit status 0 (successful).
  INFO No old releases (keeping newest 5) on diglib-service-prod1.cul.columbia.edu
 DEBUG [a92ca50c] Running if test ! -d /tmp/gsas_deployment_testing/gsas_sync_staging/releases; then echo "Directory does not exist '/tmp/gsas_deployment_testing/gsas_sync_staging/releases'" 1>&2; false; fi as ldpdserv@diglib-service-prod1.cul.columbia.edu
 DEBUG [a92ca50c] Command: if test ! -d /tmp/gsas_deployment_testing/gsas_sync_staging/releases; then echo "Directory does not exist '/tmp/gsas_deployment_testing/gsas_sync_staging/releases'" 1>&2; false; fi
 DEBUG [a92ca50c] Finished in 0.240 seconds with exit status 0 (successful).
  INFO [12784c71] Running /usr/bin/env echo "Branch LDPD-451 (at 5485efbe34266224b5835cfbb807f3d37ef2b03f) deployed as release 20250703212920 by bg2918" >> /tmp/gsas_deployment_testing/gsas_sync_staging/revisions.log as ldpdserv@diglib-service-prod1.cul.columbia.edu
 DEBUG [12784c71] Command: cd /tmp/gsas_deployment_testing/gsas_sync_staging/releases && /usr/bin/env echo "Branch LDPD-451 (at 5485efbe34266224b5835cfbb807f3d37ef2b03f) deployed as release 20250703212920 by bg2918" >> /tmp/gsas_deployment_testing/gsas_sync_staging/revisions.log
  INFO [12784c71] Finished in 0.255 seconds with exit status 0 (successful).
  INFO ---------------------------------------------------------------------------
  INFO START 2025-07-03 17:35:47 -0400 cap staging deploy
  INFO ---------------------------------------------------------------------------
  INFO [a115f41f] Running /usr/bin/env mkdir -p /tmp as ldpdserv@diglib-service-prod1.cul.columbia.edu
 DEBUG [a115f41f] Command: /usr/bin/env mkdir -p /tmp
  INFO [a115f41f] Finished in 0.865 seconds with exit status 0 (successful).
 DEBUG Uploading /tmp/git-ssh-b22ba96929e9fd6cd2d6.sh 0.0%
  INFO Uploading /tmp/git-ssh-b22ba96929e9fd6cd2d6.sh 100.0%
  INFO [621af283] Running /usr/bin/env chmod 700 /tmp/git-ssh-b22ba96929e9fd6cd2d6.sh as ldpdserv@diglib-service-prod1.cul.columbia.edu
 DEBUG [621af283] Command: /usr/bin/env chmod 700 /tmp/git-ssh-b22ba96929e9fd6cd2d6.sh
  INFO [621af283] Finished in 0.314 seconds with exit status 0 (successful).
  INFO [351673ed] Running /usr/bin/env git ls-remote git@github.com:cul/gsas_sync.git/ HEAD as ldpdserv@diglib-service-prod1.cul.columbia.edu
 DEBUG [351673ed] Command: ( export GIT_ASKPASS="/bin/echo" GIT_SSH="/tmp/git-ssh-b22ba96929e9fd6cd2d6.sh" ; /usr/bin/env git ls-remote git@github.com:cul/gsas_sync.git/ HEAD )
 DEBUG [351673ed] 	5485efbe34266224b5835cfbb807f3d37ef2b03f	HEAD
  INFO [351673ed] Finished in 1.444 seconds with exit status 0 (successful).
  INFO [237716af] Running /usr/bin/env mkdir -p /tmp/gsas_deployment_testing/gsas_sync_staging/shared /tmp/gsas_deployment_testing/gsas_sync_staging/releases as ldpdserv@diglib-service-prod1.cul.columbia.edu
 DEBUG [237716af] Command: /usr/bin/env mkdir -p /tmp/gsas_deployment_testing/gsas_sync_staging/shared /tmp/gsas_deployment_testing/gsas_sync_staging/releases
  INFO [237716af] Finished in 0.276 seconds with exit status 0 (successful).
  INFO [bb719c75] Running /usr/bin/env mkdir -p /tmp/gsas_deployment_testing/gsas_sync_staging/shared/config as ldpdserv@diglib-service-prod1.cul.columbia.edu
 DEBUG [bb719c75] Command: /usr/bin/env mkdir -p /tmp/gsas_deployment_testing/gsas_sync_staging/shared/config
  INFO [bb719c75] Finished in 0.272 seconds with exit status 0 (successful).
 DEBUG [f7521b2b] Running [ -f /tmp/gsas_deployment_testing/gsas_sync_staging/shared/config/config.yml ] as ldpdserv@diglib-service-prod1.cul.columbia.edu
 DEBUG [f7521b2b] Command: [ -f /tmp/gsas_deployment_testing/gsas_sync_staging/shared/config/config.yml ]
 DEBUG [f7521b2b] Finished in 0.271 seconds with exit status 0 (successful).
 DEBUG [dc35be56] Running [ -f /tmp/gsas_deployment_testing/gsas_sync_staging/current/REVISION ] as ldpdserv@diglib-service-prod1.cul.columbia.edu
 DEBUG [dc35be56] Command: [ -f /tmp/gsas_deployment_testing/gsas_sync_staging/current/REVISION ]
 DEBUG [dc35be56] Finished in 0.328 seconds with exit status 0 (successful).
 DEBUG [56095543] Running /usr/bin/env cat /tmp/gsas_deployment_testing/gsas_sync_staging/current/REVISION 2>/dev/null as ldpdserv@diglib-service-prod1.cul.columbia.edu
 DEBUG [56095543] Command: /usr/bin/env cat /tmp/gsas_deployment_testing/gsas_sync_staging/current/REVISION 2>/dev/null
 DEBUG [56095543] 	5485efbe34266224b5835cfbb807f3d37ef2b03f
 DEBUG [56095543] Finished in 0.308 seconds with exit status 0 (successful).
 DEBUG [8ec3c165] Running [ -f /tmp/gsas_deployment_testing/gsas_sync_staging/current/REVISION_TIME ] as ldpdserv@diglib-service-prod1.cul.columbia.edu
 DEBUG [8ec3c165] Command: [ -f /tmp/gsas_deployment_testing/gsas_sync_staging/current/REVISION_TIME ]
 DEBUG [8ec3c165] Finished in 0.302 seconds with exit status 0 (successful).
 DEBUG [7194bc3d] Running /usr/bin/env cat /tmp/gsas_deployment_testing/gsas_sync_staging/current/REVISION_TIME 2>/dev/null as ldpdserv@diglib-service-prod1.cul.columbia.edu
 DEBUG [7194bc3d] Command: /usr/bin/env cat /tmp/gsas_deployment_testing/gsas_sync_staging/current/REVISION_TIME 2>/dev/null
 DEBUG [7194bc3d] 	1751578022
 DEBUG [7194bc3d] Finished in 0.314 seconds with exit status 0 (successful).
 DEBUG [4acb0776] Running [ -f /tmp/gsas_deployment_testing/gsas_sync_staging/repo/HEAD ] as ldpdserv@diglib-service-prod1.cul.columbia.edu
 DEBUG [4acb0776] Command: [ -f /tmp/gsas_deployment_testing/gsas_sync_staging/repo/HEAD ]
 DEBUG [4acb0776] Finished in 0.264 seconds with exit status 0 (successful).
  INFO The repository mirror is at /tmp/gsas_deployment_testing/gsas_sync_staging/repo
 DEBUG [8886ee3a] Running if test ! -d /tmp/gsas_deployment_testing/gsas_sync_staging/repo; then echo "Directory does not exist '/tmp/gsas_deployment_testing/gsas_sync_staging/repo'" 1>&2; false; fi as ldpdserv@diglib-service-prod1.cul.columbia.edu
 DEBUG [8886ee3a] Command: if test ! -d /tmp/gsas_deployment_testing/gsas_sync_staging/repo; then echo "Directory does not exist '/tmp/gsas_deployment_testing/gsas_sync_staging/repo'" 1>&2; false; fi
 DEBUG [8886ee3a] Finished in 0.288 seconds with exit status 0 (successful).
  INFO [42628e91] Running /usr/bin/env git remote set-url origin git@github.com:cul/gsas_sync.git/ as ldpdserv@diglib-service-prod1.cul.columbia.edu
 DEBUG [42628e91] Command: cd /tmp/gsas_deployment_testing/gsas_sync_staging/repo && ( export GIT_ASKPASS="/bin/echo" GIT_SSH="/tmp/git-ssh-b22ba96929e9fd6cd2d6.sh" ; /usr/bin/env git remote set-url origin git@github.com:cul/gsas_sync.git/ )
  INFO [42628e91] Finished in 0.288 seconds with exit status 0 (successful).
  INFO [edd8e91d] Running /usr/bin/env git remote update --prune as ldpdserv@diglib-service-prod1.cul.columbia.edu
 DEBUG [edd8e91d] Command: cd /tmp/gsas_deployment_testing/gsas_sync_staging/repo && ( export GIT_ASKPASS="/bin/echo" GIT_SSH="/tmp/git-ssh-b22ba96929e9fd6cd2d6.sh" ; /usr/bin/env git remote update --prune )
  INFO [edd8e91d] Finished in 1.216 seconds with exit status 0 (successful).
 DEBUG [3578049c] Running if test ! -d /tmp/gsas_deployment_testing/gsas_sync_staging/repo; then echo "Directory does not exist '/tmp/gsas_deployment_testing/gsas_sync_staging/repo'" 1>&2; false; fi as ldpdserv@diglib-service-prod1.cul.columbia.edu
 DEBUG [3578049c] Command: if test ! -d /tmp/gsas_deployment_testing/gsas_sync_staging/repo; then echo "Directory does not exist '/tmp/gsas_deployment_testing/gsas_sync_staging/repo'" 1>&2; false; fi
 DEBUG [3578049c] Finished in 0.241 seconds with exit status 0 (successful).
  INFO [ec46b53e] Running /usr/bin/env mkdir -p /tmp/gsas_deployment_testing/gsas_sync_staging/releases/20250703213552 as ldpdserv@diglib-service-prod1.cul.columbia.edu
 DEBUG [ec46b53e] Command: cd /tmp/gsas_deployment_testing/gsas_sync_staging/repo && ( export GIT_ASKPASS="/bin/echo" GIT_SSH="/tmp/git-ssh-b22ba96929e9fd6cd2d6.sh" ; /usr/bin/env mkdir -p /tmp/gsas_deployment_testing/gsas_sync_staging/releases/20250703213552 )
  INFO [ec46b53e] Finished in 0.262 seconds with exit status 0 (successful).
  INFO [72000843] Running /usr/bin/env git archive LDPD-451 | /usr/bin/env tar -x -f - -C /tmp/gsas_deployment_testing/gsas_sync_staging/releases/20250703213552 as ldpdserv@diglib-service-prod1.cul.columbia.edu
 DEBUG [72000843] Command: cd /tmp/gsas_deployment_testing/gsas_sync_staging/repo && ( export GIT_ASKPASS="/bin/echo" GIT_SSH="/tmp/git-ssh-b22ba96929e9fd6cd2d6.sh" ; /usr/bin/env git archive LDPD-451 | /usr/bin/env tar -x -f - -C /tmp/gsas_deployment_testing/gsas_sync_staging/releases/20250703213552 )
  INFO [72000843] Finished in 0.268 seconds with exit status 0 (successful).
 DEBUG [388dcb76] Running if test ! -d /tmp/gsas_deployment_testing/gsas_sync_staging/repo; then echo "Directory does not exist '/tmp/gsas_deployment_testing/gsas_sync_staging/repo'" 1>&2; false; fi as ldpdserv@diglib-service-prod1.cul.columbia.edu
 DEBUG [388dcb76] Command: if test ! -d /tmp/gsas_deployment_testing/gsas_sync_staging/repo; then echo "Directory does not exist '/tmp/gsas_deployment_testing/gsas_sync_staging/repo'" 1>&2; false; fi
 DEBUG [388dcb76] Finished in 0.255 seconds with exit status 0 (successful).
 DEBUG [6d68eb3d] Running /usr/bin/env git rev-list --max-count=1 LDPD-451 as ldpdserv@diglib-service-prod1.cul.columbia.edu
 DEBUG [6d68eb3d] Command: cd /tmp/gsas_deployment_testing/gsas_sync_staging/repo && ( export GIT_ASKPASS="/bin/echo" GIT_SSH="/tmp/git-ssh-b22ba96929e9fd6cd2d6.sh" ; /usr/bin/env git rev-list --max-count=1 LDPD-451 )
 DEBUG [6d68eb3d] 	5485efbe34266224b5835cfbb807f3d37ef2b03f
 DEBUG [6d68eb3d] Finished in 0.285 seconds with exit status 0 (successful).
 DEBUG [e547c95d] Running if test ! -d /tmp/gsas_deployment_testing/gsas_sync_staging/releases/20250703213552; then echo "Directory does not exist '/tmp/gsas_deployment_testing/gsas_sync_staging/releases/20250703213552'" 1>&2; false; fi as ldpdserv@diglib-service-prod1.cul.columbia.edu
 DEBUG [e547c95d] Command: if test ! -d /tmp/gsas_deployment_testing/gsas_sync_staging/releases/20250703213552; then echo "Directory does not exist '/tmp/gsas_deployment_testing/gsas_sync_staging/releases/20250703213552'" 1>&2; false; fi
 DEBUG [e547c95d] Finished in 0.301 seconds with exit status 0 (successful).
  INFO [767a322b] Running /usr/bin/env echo "5485efbe34266224b5835cfbb807f3d37ef2b03f" > REVISION as ldpdserv@diglib-service-prod1.cul.columbia.edu
 DEBUG [767a322b] Command: cd /tmp/gsas_deployment_testing/gsas_sync_staging/releases/20250703213552 && /usr/bin/env echo "5485efbe34266224b5835cfbb807f3d37ef2b03f" > REVISION
  INFO [767a322b] Finished in 0.243 seconds with exit status 0 (successful).
 DEBUG [d1798682] Running if test ! -d /tmp/gsas_deployment_testing/gsas_sync_staging/repo; then echo "Directory does not exist '/tmp/gsas_deployment_testing/gsas_sync_staging/repo'" 1>&2; false; fi as ldpdserv@diglib-service-prod1.cul.columbia.edu
 DEBUG [d1798682] Command: if test ! -d /tmp/gsas_deployment_testing/gsas_sync_staging/repo; then echo "Directory does not exist '/tmp/gsas_deployment_testing/gsas_sync_staging/repo'" 1>&2; false; fi
 DEBUG [d1798682] Finished in 0.225 seconds with exit status 0 (successful).
 DEBUG [ee988bad] Running /usr/bin/env git --no-pager log -1 --pretty=format:"%ct" LDPD-451 as ldpdserv@diglib-service-prod1.cul.columbia.edu
 DEBUG [ee988bad] Command: cd /tmp/gsas_deployment_testing/gsas_sync_staging/repo && ( export GIT_ASKPASS="/bin/echo" GIT_SSH="/tmp/git-ssh-b22ba96929e9fd6cd2d6.sh" ; /usr/bin/env git --no-pager log -1 --pretty=format:"%ct" LDPD-451 )
 DEBUG [ee988bad] 	1751578022
 DEBUG [ee988bad] Finished in 0.264 seconds with exit status 0 (successful).
 DEBUG [138c6ae8] Running if test ! -d /tmp/gsas_deployment_testing/gsas_sync_staging/releases/20250703213552; then echo "Directory does not exist '/tmp/gsas_deployment_testing/gsas_sync_staging/releases/20250703213552'" 1>&2; false; fi as ldpdserv@diglib-service-prod1.cul.columbia.edu
 DEBUG [138c6ae8] Command: if test ! -d /tmp/gsas_deployment_testing/gsas_sync_staging/releases/20250703213552; then echo "Directory does not exist '/tmp/gsas_deployment_testing/gsas_sync_staging/releases/20250703213552'" 1>&2; false; fi
 DEBUG [138c6ae8] Finished in 0.223 seconds with exit status 0 (successful).
  INFO [111ce693] Running /usr/bin/env echo "1751578022" > REVISION_TIME as ldpdserv@diglib-service-prod1.cul.columbia.edu
 DEBUG [111ce693] Command: cd /tmp/gsas_deployment_testing/gsas_sync_staging/releases/20250703213552 && /usr/bin/env echo "1751578022" > REVISION_TIME
  INFO [111ce693] Finished in 0.236 seconds with exit status 0 (successful).
  INFO [a9148f83] Running /usr/bin/env mkdir -p /tmp/gsas_deployment_testing/gsas_sync_staging/releases/20250703213552/config as ldpdserv@diglib-service-prod1.cul.columbia.edu
 DEBUG [a9148f83] Command: /usr/bin/env mkdir -p /tmp/gsas_deployment_testing/gsas_sync_staging/releases/20250703213552/config
  INFO [a9148f83] Finished in 0.273 seconds with exit status 0 (successful).
 DEBUG [2607e704] Running [ -L /tmp/gsas_deployment_testing/gsas_sync_staging/releases/20250703213552/config/config.yml ] as ldpdserv@diglib-service-prod1.cul.columbia.edu
 DEBUG [2607e704] Command: [ -L /tmp/gsas_deployment_testing/gsas_sync_staging/releases/20250703213552/config/config.yml ]
 DEBUG [2607e704] Finished in 0.241 seconds with exit status 1 (failed).
 DEBUG [3e53c50c] Running [ -f /tmp/gsas_deployment_testing/gsas_sync_staging/releases/20250703213552/config/config.yml ] as ldpdserv@diglib-service-prod1.cul.columbia.edu
 DEBUG [3e53c50c] Command: [ -f /tmp/gsas_deployment_testing/gsas_sync_staging/releases/20250703213552/config/config.yml ]
 DEBUG [3e53c50c] Finished in 0.266 seconds with exit status 1 (failed).
  INFO [e76cbd47] Running /usr/bin/env ln -s /tmp/gsas_deployment_testing/gsas_sync_staging/shared/config/config.yml /tmp/gsas_deployment_testing/gsas_sync_staging/releases/20250703213552/config/config.yml as ldpdserv@diglib-service-prod1.cul.columbia.edu
 DEBUG [e76cbd47] Command: /usr/bin/env ln -s /tmp/gsas_deployment_testing/gsas_sync_staging/shared/config/config.yml /tmp/gsas_deployment_testing/gsas_sync_staging/releases/20250703213552/config/config.yml
  INFO [e76cbd47] Finished in 0.244 seconds with exit status 0 (successful).
  INFO [ac1f1381] Running /usr/bin/env ln -s /tmp/gsas_deployment_testing/gsas_sync_staging/releases/20250703213552 /tmp/gsas_deployment_testing/gsas_sync_staging/releases/current as ldpdserv@diglib-service-prod1.cul.columbia.edu
 DEBUG [ac1f1381] Command: /usr/bin/env ln -s /tmp/gsas_deployment_testing/gsas_sync_staging/releases/20250703213552 /tmp/gsas_deployment_testing/gsas_sync_staging/releases/current
  INFO [ac1f1381] Finished in 0.241 seconds with exit status 0 (successful).
  INFO [9d42864f] Running /usr/bin/env mv /tmp/gsas_deployment_testing/gsas_sync_staging/releases/current /tmp/gsas_deployment_testing/gsas_sync_staging as ldpdserv@diglib-service-prod1.cul.columbia.edu
 DEBUG [9d42864f] Command: /usr/bin/env mv /tmp/gsas_deployment_testing/gsas_sync_staging/releases/current /tmp/gsas_deployment_testing/gsas_sync_staging
  INFO [9d42864f] Finished in 0.223 seconds with exit status 0 (successful).
 DEBUG [9b067ea0] Running /usr/bin/env ls -x /tmp/gsas_deployment_testing/gsas_sync_staging/releases as ldpdserv@diglib-service-prod1.cul.columbia.edu
 DEBUG [9b067ea0] Command: /usr/bin/env ls -x /tmp/gsas_deployment_testing/gsas_sync_staging/releases
 DEBUG [9b067ea0] 	20250703211437	20250703212405	20250703212624	20250703212714	20250703212920
20250703213552
 DEBUG [9b067ea0] Finished in 0.226 seconds with exit status 0 (successful).
  INFO Keeping 5 of 6 deployed releases on diglib-service-prod1.cul.columbia.edu
 DEBUG [56b21dfc] Running [ -d /tmp/gsas_deployment_testing/gsas_sync_staging/current ] as ldpdserv@diglib-service-prod1.cul.columbia.edu
 DEBUG [56b21dfc] Command: [ -d /tmp/gsas_deployment_testing/gsas_sync_staging/current ]
 DEBUG [56b21dfc] Finished in 0.222 seconds with exit status 0 (successful).
 DEBUG [e606e31a] Running /usr/bin/env readlink /tmp/gsas_deployment_testing/gsas_sync_staging/current as ldpdserv@diglib-service-prod1.cul.columbia.edu
 DEBUG [e606e31a] Command: /usr/bin/env readlink /tmp/gsas_deployment_testing/gsas_sync_staging/current
 DEBUG [e606e31a] 	/tmp/gsas_deployment_testing/gsas_sync_staging/releases/20250703213552
 DEBUG [e606e31a] Finished in 0.235 seconds with exit status 0 (successful).
  INFO [f239924e] Running /usr/bin/env rm -rf /tmp/gsas_deployment_testing/gsas_sync_staging/releases/20250703211437 as ldpdserv@diglib-service-prod1.cul.columbia.edu
 DEBUG [f239924e] Command: /usr/bin/env rm -rf /tmp/gsas_deployment_testing/gsas_sync_staging/releases/20250703211437
  INFO [f239924e] Finished in 0.234 seconds with exit status 0 (successful).
 DEBUG [4e4cfc21] Running if test ! -d /tmp/gsas_deployment_testing/gsas_sync_staging/releases; then echo "Directory does not exist '/tmp/gsas_deployment_testing/gsas_sync_staging/releases'" 1>&2; false; fi as ldpdserv@diglib-service-prod1.cul.columbia.edu
 DEBUG [4e4cfc21] Command: if test ! -d /tmp/gsas_deployment_testing/gsas_sync_staging/releases; then echo "Directory does not exist '/tmp/gsas_deployment_testing/gsas_sync_staging/releases'" 1>&2; false; fi
 DEBUG [4e4cfc21] Finished in 0.310 seconds with exit status 0 (successful).
  INFO [d4abe1a8] Running /usr/bin/env echo "Branch LDPD-451 (at 5485efbe34266224b5835cfbb807f3d37ef2b03f) deployed as release 20250703213552 by bg2918" >> /tmp/gsas_deployment_testing/gsas_sync_staging/revisions.log as ldpdserv@diglib-service-prod1.cul.columbia.edu
 DEBUG [d4abe1a8] Command: cd /tmp/gsas_deployment_testing/gsas_sync_staging/releases && /usr/bin/env echo "Branch LDPD-451 (at 5485efbe34266224b5835cfbb807f3d37ef2b03f) deployed as release 20250703213552 by bg2918" >> /tmp/gsas_deployment_testing/gsas_sync_staging/revisions.log
  INFO [d4abe1a8] Finished in 0.229 seconds with exit status 0 (successful).
  INFO ---------------------------------------------------------------------------
  INFO START 2025-07-03 17:41:32 -0400 cap staging deploy
  INFO ---------------------------------------------------------------------------
  INFO [5214d4e0] Running /usr/bin/env mkdir -p /tmp as ldpdserv@diglib-service-prod1.cul.columbia.edu
 DEBUG [5214d4e0] Command: /usr/bin/env mkdir -p /tmp
  INFO [5214d4e0] Finished in 0.671 seconds with exit status 0 (successful).
 DEBUG Uploading /tmp/git-ssh-41eeb573e2cef0be4e5a.sh 0.0%
  INFO Uploading /tmp/git-ssh-41eeb573e2cef0be4e5a.sh 100.0%
  INFO [2cf35757] Running /usr/bin/env chmod 700 /tmp/git-ssh-41eeb573e2cef0be4e5a.sh as ldpdserv@diglib-service-prod1.cul.columbia.edu
 DEBUG [2cf35757] Command: /usr/bin/env chmod 700 /tmp/git-ssh-41eeb573e2cef0be4e5a.sh
  INFO [2cf35757] Finished in 0.229 seconds with exit status 0 (successful).
  INFO [1be96393] Running /usr/bin/env git ls-remote git@github.com:cul/gsas_sync.git/ HEAD as ldpdserv@diglib-service-prod1.cul.columbia.edu
 DEBUG [1be96393] Command: ( export GIT_ASKPASS="/bin/echo" GIT_SSH="/tmp/git-ssh-41eeb573e2cef0be4e5a.sh" ; /usr/bin/env git ls-remote git@github.com:cul/gsas_sync.git/ HEAD )
 DEBUG [1be96393] 	5485efbe34266224b5835cfbb807f3d37ef2b03f	HEAD
  INFO [1be96393] Finished in 0.992 seconds with exit status 0 (successful).
  INFO [c0f5d1ca] Running /usr/bin/env mkdir -p /tmp/gsas_deployment_testing/gsas_sync_staging/shared /tmp/gsas_deployment_testing/gsas_sync_staging/releases as ldpdserv@diglib-service-prod1.cul.columbia.edu
 DEBUG [c0f5d1ca] Command: /usr/bin/env mkdir -p /tmp/gsas_deployment_testing/gsas_sync_staging/shared /tmp/gsas_deployment_testing/gsas_sync_staging/releases
  INFO [c0f5d1ca] Finished in 0.203 seconds with exit status 0 (successful).
  INFO [fd1c850d] Running /usr/bin/env mkdir -p /tmp/gsas_deployment_testing/gsas_sync_staging/shared/config as ldpdserv@diglib-service-prod1.cul.columbia.edu
 DEBUG [fd1c850d] Command: /usr/bin/env mkdir -p /tmp/gsas_deployment_testing/gsas_sync_staging/shared/config
  INFO [fd1c850d] Finished in 0.217 seconds with exit status 0 (successful).
 DEBUG [527c9d7c] Running [ -f /tmp/gsas_deployment_testing/gsas_sync_staging/shared/config/config.yml ] as ldpdserv@diglib-service-prod1.cul.columbia.edu
 DEBUG [527c9d7c] Command: [ -f /tmp/gsas_deployment_testing/gsas_sync_staging/shared/config/config.yml ]
 DEBUG [527c9d7c] Finished in 0.205 seconds with exit status 0 (successful).
 DEBUG [3b2bd919] Running [ -f /tmp/gsas_deployment_testing/gsas_sync_staging/current/REVISION ] as ldpdserv@diglib-service-prod1.cul.columbia.edu
 DEBUG [3b2bd919] Command: [ -f /tmp/gsas_deployment_testing/gsas_sync_staging/current/REVISION ]
 DEBUG [3b2bd919] Finished in 0.218 seconds with exit status 0 (successful).
 DEBUG [cf3439a7] Running /usr/bin/env cat /tmp/gsas_deployment_testing/gsas_sync_staging/current/REVISION 2>/dev/null as ldpdserv@diglib-service-prod1.cul.columbia.edu
 DEBUG [cf3439a7] Command: /usr/bin/env cat /tmp/gsas_deployment_testing/gsas_sync_staging/current/REVISION 2>/dev/null
 DEBUG [cf3439a7] 	5485efbe34266224b5835cfbb807f3d37ef2b03f
 DEBUG [cf3439a7] Finished in 0.227 seconds with exit status 0 (successful).
 DEBUG [c1d9dcee] Running [ -f /tmp/gsas_deployment_testing/gsas_sync_staging/current/REVISION_TIME ] as ldpdserv@diglib-service-prod1.cul.columbia.edu
 DEBUG [c1d9dcee] Command: [ -f /tmp/gsas_deployment_testing/gsas_sync_staging/current/REVISION_TIME ]
 DEBUG [c1d9dcee] Finished in 0.222 seconds with exit status 0 (successful).
 DEBUG [c4dcd288] Running /usr/bin/env cat /tmp/gsas_deployment_testing/gsas_sync_staging/current/REVISION_TIME 2>/dev/null as ldpdserv@diglib-service-prod1.cul.columbia.edu
 DEBUG [c4dcd288] Command: /usr/bin/env cat /tmp/gsas_deployment_testing/gsas_sync_staging/current/REVISION_TIME 2>/dev/null
 DEBUG [c4dcd288] 	1751578022
 DEBUG [c4dcd288] Finished in 0.214 seconds with exit status 0 (successful).
 DEBUG [0369b9a2] Running [ -f /tmp/gsas_deployment_testing/gsas_sync_staging/repo/HEAD ] as ldpdserv@diglib-service-prod1.cul.columbia.edu
 DEBUG [0369b9a2] Command: [ -f /tmp/gsas_deployment_testing/gsas_sync_staging/repo/HEAD ]
 DEBUG [0369b9a2] Finished in 0.207 seconds with exit status 0 (successful).
  INFO The repository mirror is at /tmp/gsas_deployment_testing/gsas_sync_staging/repo
 DEBUG [7a7aac4b] Running if test ! -d /tmp/gsas_deployment_testing/gsas_sync_staging/repo; then echo "Directory does not exist '/tmp/gsas_deployment_testing/gsas_sync_staging/repo'" 1>&2; false; fi as ldpdserv@diglib-service-prod1.cul.columbia.edu
 DEBUG [7a7aac4b] Command: if test ! -d /tmp/gsas_deployment_testing/gsas_sync_staging/repo; then echo "Directory does not exist '/tmp/gsas_deployment_testing/gsas_sync_staging/repo'" 1>&2; false; fi
 DEBUG [7a7aac4b] Finished in 0.201 seconds with exit status 0 (successful).
  INFO [7f586e6f] Running /usr/bin/env git remote set-url origin git@github.com:cul/gsas_sync.git/ as ldpdserv@diglib-service-prod1.cul.columbia.edu
 DEBUG [7f586e6f] Command: cd /tmp/gsas_deployment_testing/gsas_sync_staging/repo && ( export GIT_ASKPASS="/bin/echo" GIT_SSH="/tmp/git-ssh-41eeb573e2cef0be4e5a.sh" ; /usr/bin/env git remote set-url origin git@github.com:cul/gsas_sync.git/ )
  INFO [7f586e6f] Finished in 0.222 seconds with exit status 0 (successful).
  INFO [62e16574] Running /usr/bin/env git remote update --prune as ldpdserv@diglib-service-prod1.cul.columbia.edu
 DEBUG [62e16574] Command: cd /tmp/gsas_deployment_testing/gsas_sync_staging/repo && ( export GIT_ASKPASS="/bin/echo" GIT_SSH="/tmp/git-ssh-41eeb573e2cef0be4e5a.sh" ; /usr/bin/env git remote update --prune )
  INFO [62e16574] Finished in 0.990 seconds with exit status 0 (successful).
 DEBUG [43597a80] Running if test ! -d /tmp/gsas_deployment_testing/gsas_sync_staging/repo; then echo "Directory does not exist '/tmp/gsas_deployment_testing/gsas_sync_staging/repo'" 1>&2; false; fi as ldpdserv@diglib-service-prod1.cul.columbia.edu
 DEBUG [43597a80] Command: if test ! -d /tmp/gsas_deployment_testing/gsas_sync_staging/repo; then echo "Directory does not exist '/tmp/gsas_deployment_testing/gsas_sync_staging/repo'" 1>&2; false; fi
 DEBUG [43597a80] Finished in 0.208 seconds with exit status 0 (successful).
  INFO [4a76ea12] Running /usr/bin/env mkdir -p /tmp/gsas_deployment_testing/gsas_sync_staging/releases/20250703214135 as ldpdserv@diglib-service-prod1.cul.columbia.edu
 DEBUG [4a76ea12] Command: cd /tmp/gsas_deployment_testing/gsas_sync_staging/repo && ( export GIT_ASKPASS="/bin/echo" GIT_SSH="/tmp/git-ssh-41eeb573e2cef0be4e5a.sh" ; /usr/bin/env mkdir -p /tmp/gsas_deployment_testing/gsas_sync_staging/releases/20250703214135 )
  INFO [4a76ea12] Finished in 0.214 seconds with exit status 0 (successful).
  INFO [530f25bb] Running /usr/bin/env git archive LDPD-451 | /usr/bin/env tar -x -f - -C /tmp/gsas_deployment_testing/gsas_sync_staging/releases/20250703214135 as ldpdserv@diglib-service-prod1.cul.columbia.edu
 DEBUG [530f25bb] Command: cd /tmp/gsas_deployment_testing/gsas_sync_staging/repo && ( export GIT_ASKPASS="/bin/echo" GIT_SSH="/tmp/git-ssh-41eeb573e2cef0be4e5a.sh" ; /usr/bin/env git archive LDPD-451 | /usr/bin/env tar -x -f - -C /tmp/gsas_deployment_testing/gsas_sync_staging/releases/20250703214135 )
  INFO [530f25bb] Finished in 0.219 seconds with exit status 0 (successful).
 DEBUG [b9d45d85] Running if test ! -d /tmp/gsas_deployment_testing/gsas_sync_staging/repo; then echo "Directory does not exist '/tmp/gsas_deployment_testing/gsas_sync_staging/repo'" 1>&2; false; fi as ldpdserv@diglib-service-prod1.cul.columbia.edu
 DEBUG [b9d45d85] Command: if test ! -d /tmp/gsas_deployment_testing/gsas_sync_staging/repo; then echo "Directory does not exist '/tmp/gsas_deployment_testing/gsas_sync_staging/repo'" 1>&2; false; fi
 DEBUG [b9d45d85] Finished in 0.215 seconds with exit status 0 (successful).
 DEBUG [a4bc8005] Running /usr/bin/env git rev-list --max-count=1 LDPD-451 as ldpdserv@diglib-service-prod1.cul.columbia.edu
 DEBUG [a4bc8005] Command: cd /tmp/gsas_deployment_testing/gsas_sync_staging/repo && ( export GIT_ASKPASS="/bin/echo" GIT_SSH="/tmp/git-ssh-41eeb573e2cef0be4e5a.sh" ; /usr/bin/env git rev-list --max-count=1 LDPD-451 )
 DEBUG [a4bc8005] 	5485efbe34266224b5835cfbb807f3d37ef2b03f
 DEBUG [a4bc8005] Finished in 0.242 seconds with exit status 0 (successful).
 DEBUG [1dba7144] Running if test ! -d /tmp/gsas_deployment_testing/gsas_sync_staging/releases/20250703214135; then echo "Directory does not exist '/tmp/gsas_deployment_testing/gsas_sync_staging/releases/20250703214135'" 1>&2; false; fi as ldpdserv@diglib-service-prod1.cul.columbia.edu
 DEBUG [1dba7144] Command: if test ! -d /tmp/gsas_deployment_testing/gsas_sync_staging/releases/20250703214135; then echo "Directory does not exist '/tmp/gsas_deployment_testing/gsas_sync_staging/releases/20250703214135'" 1>&2; false; fi
 DEBUG [1dba7144] Finished in 0.218 seconds with exit status 0 (successful).
  INFO [6772b028] Running /usr/bin/env echo "5485efbe34266224b5835cfbb807f3d37ef2b03f" > REVISION as ldpdserv@diglib-service-prod1.cul.columbia.edu
 DEBUG [6772b028] Command: cd /tmp/gsas_deployment_testing/gsas_sync_staging/releases/20250703214135 && /usr/bin/env echo "5485efbe34266224b5835cfbb807f3d37ef2b03f" > REVISION
  INFO [6772b028] Finished in 0.209 seconds with exit status 0 (successful).
 DEBUG [e13f82ed] Running if test ! -d /tmp/gsas_deployment_testing/gsas_sync_staging/repo; then echo "Directory does not exist '/tmp/gsas_deployment_testing/gsas_sync_staging/repo'" 1>&2; false; fi as ldpdserv@diglib-service-prod1.cul.columbia.edu
 DEBUG [e13f82ed] Command: if test ! -d /tmp/gsas_deployment_testing/gsas_sync_staging/repo; then echo "Directory does not exist '/tmp/gsas_deployment_testing/gsas_sync_staging/repo'" 1>&2; false; fi
 DEBUG [e13f82ed] Finished in 0.222 seconds with exit status 0 (successful).
 DEBUG [a5551845] Running /usr/bin/env git --no-pager log -1 --pretty=format:"%ct" LDPD-451 as ldpdserv@diglib-service-prod1.cul.columbia.edu
 DEBUG [a5551845] Command: cd /tmp/gsas_deployment_testing/gsas_sync_staging/repo && ( export GIT_ASKPASS="/bin/echo" GIT_SSH="/tmp/git-ssh-41eeb573e2cef0be4e5a.sh" ; /usr/bin/env git --no-pager log -1 --pretty=format:"%ct" LDPD-451 )
 DEBUG [a5551845] 	1751578022
 DEBUG [a5551845] Finished in 0.233 seconds with exit status 0 (successful).
 DEBUG [43c0905a] Running if test ! -d /tmp/gsas_deployment_testing/gsas_sync_staging/releases/20250703214135; then echo "Directory does not exist '/tmp/gsas_deployment_testing/gsas_sync_staging/releases/20250703214135'" 1>&2; false; fi as ldpdserv@diglib-service-prod1.cul.columbia.edu
 DEBUG [43c0905a] Command: if test ! -d /tmp/gsas_deployment_testing/gsas_sync_staging/releases/20250703214135; then echo "Directory does not exist '/tmp/gsas_deployment_testing/gsas_sync_staging/releases/20250703214135'" 1>&2; false; fi
 DEBUG [43c0905a] Finished in 0.215 seconds with exit status 0 (successful).
  INFO [2270d3ea] Running /usr/bin/env echo "1751578022" > REVISION_TIME as ldpdserv@diglib-service-prod1.cul.columbia.edu
 DEBUG [2270d3ea] Command: cd /tmp/gsas_deployment_testing/gsas_sync_staging/releases/20250703214135 && /usr/bin/env echo "1751578022" > REVISION_TIME
  INFO [2270d3ea] Finished in 0.209 seconds with exit status 0 (successful).
  INFO [fb6f75e0] Running /usr/bin/env mkdir -p /tmp/gsas_deployment_testing/gsas_sync_staging/releases/20250703214135/config as ldpdserv@diglib-service-prod1.cul.columbia.edu
 DEBUG [fb6f75e0] Command: /usr/bin/env mkdir -p /tmp/gsas_deployment_testing/gsas_sync_staging/releases/20250703214135/config
  INFO [fb6f75e0] Finished in 0.202 seconds with exit status 0 (successful).
 DEBUG [f7cd3e5d] Running [ -L /tmp/gsas_deployment_testing/gsas_sync_staging/releases/20250703214135/config/config.yml ] as ldpdserv@diglib-service-prod1.cul.columbia.edu
 DEBUG [f7cd3e5d] Command: [ -L /tmp/gsas_deployment_testing/gsas_sync_staging/releases/20250703214135/config/config.yml ]
 DEBUG [f7cd3e5d] Finished in 0.209 seconds with exit status 1 (failed).
 DEBUG [5f7c2aae] Running [ -f /tmp/gsas_deployment_testing/gsas_sync_staging/releases/20250703214135/config/config.yml ] as ldpdserv@diglib-service-prod1.cul.columbia.edu
 DEBUG [5f7c2aae] Command: [ -f /tmp/gsas_deployment_testing/gsas_sync_staging/releases/20250703214135/config/config.yml ]
 DEBUG [5f7c2aae] Finished in 0.204 seconds with exit status 1 (failed).
  INFO [55edfc05] Running /usr/bin/env ln -s /tmp/gsas_deployment_testing/gsas_sync_staging/shared/config/config.yml /tmp/gsas_deployment_testing/gsas_sync_staging/releases/20250703214135/config/config.yml as ldpdserv@diglib-service-prod1.cul.columbia.edu
 DEBUG [55edfc05] Command: /usr/bin/env ln -s /tmp/gsas_deployment_testing/gsas_sync_staging/shared/config/config.yml /tmp/gsas_deployment_testing/gsas_sync_staging/releases/20250703214135/config/config.yml
  INFO [55edfc05] Finished in 0.209 seconds with exit status 0 (successful).
 DEBUG [e73a2d24] Running if test ! -d /tmp/gsas_deployment_testing/gsas_sync_staging/releases/20250703214135; then echo "Directory does not exist '/tmp/gsas_deployment_testing/gsas_sync_staging/releases/20250703214135'" 1>&2; false; fi as ldpdserv@diglib-service-prod1.cul.columbia.edu
 DEBUG [e73a2d24] Command: if test ! -d /tmp/gsas_deployment_testing/gsas_sync_staging/releases/20250703214135; then echo "Directory does not exist '/tmp/gsas_deployment_testing/gsas_sync_staging/releases/20250703214135'" 1>&2; false; fi
 DEBUG [e73a2d24] Finished in 0.210 seconds with exit status 0 (successful).
  INFO [3a581c3a] Running bundle exec whenever as ldpdserv@diglib-service-prod1.cul.columbia.edu
 DEBUG [3a581c3a] Command: bundle exec whenever
 DEBUG [3a581c3a] 	bash: bundle: command not found
  INFO ---------------------------------------------------------------------------
  INFO START 2025-07-03 17:42:06 -0400 cap staging deploy
  INFO ---------------------------------------------------------------------------
  INFO [538209a9] Running /usr/bin/env mkdir -p /tmp as ldpdserv@diglib-service-prod1.cul.columbia.edu
 DEBUG [538209a9] Command: /usr/bin/env mkdir -p /tmp
  INFO [538209a9] Finished in 0.744 seconds with exit status 0 (successful).
 DEBUG Uploading /tmp/git-ssh-50f16e9c6b612bb70c6f.sh 0.0%
  INFO Uploading /tmp/git-ssh-50f16e9c6b612bb70c6f.sh 100.0%
  INFO [325a2d56] Running /usr/bin/env chmod 700 /tmp/git-ssh-50f16e9c6b612bb70c6f.sh as ldpdserv@diglib-service-prod1.cul.columbia.edu
 DEBUG [325a2d56] Command: /usr/bin/env chmod 700 /tmp/git-ssh-50f16e9c6b612bb70c6f.sh
  INFO [325a2d56] Finished in 0.207 seconds with exit status 0 (successful).
  INFO [95f6f15f] Running /usr/bin/env git ls-remote git@github.com:cul/gsas_sync.git/ HEAD as ldpdserv@diglib-service-prod1.cul.columbia.edu
 DEBUG [95f6f15f] Command: ( export GIT_ASKPASS="/bin/echo" GIT_SSH="/tmp/git-ssh-50f16e9c6b612bb70c6f.sh" ; /usr/bin/env git ls-remote git@github.com:cul/gsas_sync.git/ HEAD )
 DEBUG [95f6f15f] 	5485efbe34266224b5835cfbb807f3d37ef2b03f	HEAD
  INFO [95f6f15f] Finished in 1.036 seconds with exit status 0 (successful).
  INFO [ad677264] Running /usr/bin/env mkdir -p /tmp/gsas_deployment_testing/gsas_sync_staging/shared /tmp/gsas_deployment_testing/gsas_sync_staging/releases as ldpdserv@diglib-service-prod1.cul.columbia.edu
 DEBUG [ad677264] Command: /usr/bin/env mkdir -p /tmp/gsas_deployment_testing/gsas_sync_staging/shared /tmp/gsas_deployment_testing/gsas_sync_staging/releases
  INFO [ad677264] Finished in 0.210 seconds with exit status 0 (successful).
  INFO [076b1116] Running /usr/bin/env mkdir -p /tmp/gsas_deployment_testing/gsas_sync_staging/shared/config as ldpdserv@diglib-service-prod1.cul.columbia.edu
 DEBUG [076b1116] Command: /usr/bin/env mkdir -p /tmp/gsas_deployment_testing/gsas_sync_staging/shared/config
  INFO [076b1116] Finished in 0.209 seconds with exit status 0 (successful).
 DEBUG [8965fedc] Running [ -f /tmp/gsas_deployment_testing/gsas_sync_staging/shared/config/config.yml ] as ldpdserv@diglib-service-prod1.cul.columbia.edu
 DEBUG [8965fedc] Command: [ -f /tmp/gsas_deployment_testing/gsas_sync_staging/shared/config/config.yml ]
 DEBUG [8965fedc] Finished in 0.218 seconds with exit status 0 (successful).
 DEBUG [d984eafa] Running [ -f /tmp/gsas_deployment_testing/gsas_sync_staging/current/REVISION ] as ldpdserv@diglib-service-prod1.cul.columbia.edu
 DEBUG [d984eafa] Command: [ -f /tmp/gsas_deployment_testing/gsas_sync_staging/current/REVISION ]
 DEBUG [d984eafa] Finished in 0.204 seconds with exit status 0 (successful).
 DEBUG [93060cb8] Running /usr/bin/env cat /tmp/gsas_deployment_testing/gsas_sync_staging/current/REVISION 2>/dev/null as ldpdserv@diglib-service-prod1.cul.columbia.edu
 DEBUG [93060cb8] Command: /usr/bin/env cat /tmp/gsas_deployment_testing/gsas_sync_staging/current/REVISION 2>/dev/null
 DEBUG [93060cb8] 	5485efbe34266224b5835cfbb807f3d37ef2b03f
 DEBUG [93060cb8] Finished in 0.239 seconds with exit status 0 (successful).
 DEBUG [305b1b93] Running [ -f /tmp/gsas_deployment_testing/gsas_sync_staging/current/REVISION_TIME ] as ldpdserv@diglib-service-prod1.cul.columbia.edu
 DEBUG [305b1b93] Command: [ -f /tmp/gsas_deployment_testing/gsas_sync_staging/current/REVISION_TIME ]
 DEBUG [305b1b93] Finished in 0.223 seconds with exit status 0 (successful).
 DEBUG [eda73d13] Running /usr/bin/env cat /tmp/gsas_deployment_testing/gsas_sync_staging/current/REVISION_TIME 2>/dev/null as ldpdserv@diglib-service-prod1.cul.columbia.edu
 DEBUG [eda73d13] Command: /usr/bin/env cat /tmp/gsas_deployment_testing/gsas_sync_staging/current/REVISION_TIME 2>/dev/null
 DEBUG [eda73d13] 	1751578022
 DEBUG [eda73d13] Finished in 0.248 seconds with exit status 0 (successful).
 DEBUG [c7389e84] Running [ -f /tmp/gsas_deployment_testing/gsas_sync_staging/repo/HEAD ] as ldpdserv@diglib-service-prod1.cul.columbia.edu
 DEBUG [c7389e84] Command: [ -f /tmp/gsas_deployment_testing/gsas_sync_staging/repo/HEAD ]
 DEBUG [c7389e84] Finished in 0.210 seconds with exit status 0 (successful).
  INFO The repository mirror is at /tmp/gsas_deployment_testing/gsas_sync_staging/repo
 DEBUG [ce81a62c] Running if test ! -d /tmp/gsas_deployment_testing/gsas_sync_staging/repo; then echo "Directory does not exist '/tmp/gsas_deployment_testing/gsas_sync_staging/repo'" 1>&2; false; fi as ldpdserv@diglib-service-prod1.cul.columbia.edu
 DEBUG [ce81a62c] Command: if test ! -d /tmp/gsas_deployment_testing/gsas_sync_staging/repo; then echo "Directory does not exist '/tmp/gsas_deployment_testing/gsas_sync_staging/repo'" 1>&2; false; fi
 DEBUG [ce81a62c] Finished in 0.204 seconds with exit status 0 (successful).
  INFO [443d1d22] Running /usr/bin/env git remote set-url origin git@github.com:cul/gsas_sync.git/ as ldpdserv@diglib-service-prod1.cul.columbia.edu
 DEBUG [443d1d22] Command: cd /tmp/gsas_deployment_testing/gsas_sync_staging/repo && ( export GIT_ASKPASS="/bin/echo" GIT_SSH="/tmp/git-ssh-50f16e9c6b612bb70c6f.sh" ; /usr/bin/env git remote set-url origin git@github.com:cul/gsas_sync.git/ )
  INFO [443d1d22] Finished in 0.222 seconds with exit status 0 (successful).
  INFO [53857ad8] Running /usr/bin/env git remote update --prune as ldpdserv@diglib-service-prod1.cul.columbia.edu
 DEBUG [53857ad8] Command: cd /tmp/gsas_deployment_testing/gsas_sync_staging/repo && ( export GIT_ASKPASS="/bin/echo" GIT_SSH="/tmp/git-ssh-50f16e9c6b612bb70c6f.sh" ; /usr/bin/env git remote update --prune )
  INFO [53857ad8] Finished in 0.972 seconds with exit status 0 (successful).
 DEBUG [1394daeb] Running if test ! -d /tmp/gsas_deployment_testing/gsas_sync_staging/repo; then echo "Directory does not exist '/tmp/gsas_deployment_testing/gsas_sync_staging/repo'" 1>&2; false; fi as ldpdserv@diglib-service-prod1.cul.columbia.edu
 DEBUG [1394daeb] Command: if test ! -d /tmp/gsas_deployment_testing/gsas_sync_staging/repo; then echo "Directory does not exist '/tmp/gsas_deployment_testing/gsas_sync_staging/repo'" 1>&2; false; fi
 DEBUG [1394daeb] Finished in 0.222 seconds with exit status 0 (successful).
  INFO [29e12891] Running /usr/bin/env mkdir -p /tmp/gsas_deployment_testing/gsas_sync_staging/releases/20250703214210 as ldpdserv@diglib-service-prod1.cul.columbia.edu
 DEBUG [29e12891] Command: cd /tmp/gsas_deployment_testing/gsas_sync_staging/repo && ( export GIT_ASKPASS="/bin/echo" GIT_SSH="/tmp/git-ssh-50f16e9c6b612bb70c6f.sh" ; /usr/bin/env mkdir -p /tmp/gsas_deployment_testing/gsas_sync_staging/releases/20250703214210 )
  INFO [29e12891] Finished in 0.214 seconds with exit status 0 (successful).
  INFO [903ba14a] Running /usr/bin/env git archive LDPD-451 | /usr/bin/env tar -x -f - -C /tmp/gsas_deployment_testing/gsas_sync_staging/releases/20250703214210 as ldpdserv@diglib-service-prod1.cul.columbia.edu
 DEBUG [903ba14a] Command: cd /tmp/gsas_deployment_testing/gsas_sync_staging/repo && ( export GIT_ASKPASS="/bin/echo" GIT_SSH="/tmp/git-ssh-50f16e9c6b612bb70c6f.sh" ; /usr/bin/env git archive LDPD-451 | /usr/bin/env tar -x -f - -C /tmp/gsas_deployment_testing/gsas_sync_staging/releases/20250703214210 )
  INFO [903ba14a] Finished in 0.215 seconds with exit status 0 (successful).
 DEBUG [956a06db] Running if test ! -d /tmp/gsas_deployment_testing/gsas_sync_staging/repo; then echo "Directory does not exist '/tmp/gsas_deployment_testing/gsas_sync_staging/repo'" 1>&2; false; fi as ldpdserv@diglib-service-prod1.cul.columbia.edu
 DEBUG [956a06db] Command: if test ! -d /tmp/gsas_deployment_testing/gsas_sync_staging/repo; then echo "Directory does not exist '/tmp/gsas_deployment_testing/gsas_sync_staging/repo'" 1>&2; false; fi
 DEBUG [956a06db] Finished in 0.208 seconds with exit status 0 (successful).
 DEBUG [ce86b2de] Running /usr/bin/env git rev-list --max-count=1 LDPD-451 as ldpdserv@diglib-service-prod1.cul.columbia.edu
 DEBUG [ce86b2de] Command: cd /tmp/gsas_deployment_testing/gsas_sync_staging/repo && ( export GIT_ASKPASS="/bin/echo" GIT_SSH="/tmp/git-ssh-50f16e9c6b612bb70c6f.sh" ; /usr/bin/env git rev-list --max-count=1 LDPD-451 )
 DEBUG [ce86b2de] 	5485efbe34266224b5835cfbb807f3d37ef2b03f
 DEBUG [ce86b2de] Finished in 0.252 seconds with exit status 0 (successful).
 DEBUG [04c3b886] Running if test ! -d /tmp/gsas_deployment_testing/gsas_sync_staging/releases/20250703214210; then echo "Directory does not exist '/tmp/gsas_deployment_testing/gsas_sync_staging/releases/20250703214210'" 1>&2; false; fi as ldpdserv@diglib-service-prod1.cul.columbia.edu
 DEBUG [04c3b886] Command: if test ! -d /tmp/gsas_deployment_testing/gsas_sync_staging/releases/20250703214210; then echo "Directory does not exist '/tmp/gsas_deployment_testing/gsas_sync_staging/releases/20250703214210'" 1>&2; false; fi
 DEBUG [04c3b886] Finished in 0.218 seconds with exit status 0 (successful).
  INFO [fbace540] Running /usr/bin/env echo "5485efbe34266224b5835cfbb807f3d37ef2b03f" > REVISION as ldpdserv@diglib-service-prod1.cul.columbia.edu
 DEBUG [fbace540] Command: cd /tmp/gsas_deployment_testing/gsas_sync_staging/releases/20250703214210 && /usr/bin/env echo "5485efbe34266224b5835cfbb807f3d37ef2b03f" > REVISION
  INFO [fbace540] Finished in 0.212 seconds with exit status 0 (successful).
 DEBUG [b9bc823e] Running if test ! -d /tmp/gsas_deployment_testing/gsas_sync_staging/repo; then echo "Directory does not exist '/tmp/gsas_deployment_testing/gsas_sync_staging/repo'" 1>&2; false; fi as ldpdserv@diglib-service-prod1.cul.columbia.edu
 DEBUG [b9bc823e] Command: if test ! -d /tmp/gsas_deployment_testing/gsas_sync_staging/repo; then echo "Directory does not exist '/tmp/gsas_deployment_testing/gsas_sync_staging/repo'" 1>&2; false; fi
 DEBUG [b9bc823e] Finished in 0.207 seconds with exit status 0 (successful).
 DEBUG [ff7436d2] Running /usr/bin/env git --no-pager log -1 --pretty=format:"%ct" LDPD-451 as ldpdserv@diglib-service-prod1.cul.columbia.edu
 DEBUG [ff7436d2] Command: cd /tmp/gsas_deployment_testing/gsas_sync_staging/repo && ( export GIT_ASKPASS="/bin/echo" GIT_SSH="/tmp/git-ssh-50f16e9c6b612bb70c6f.sh" ; /usr/bin/env git --no-pager log -1 --pretty=format:"%ct" LDPD-451 )
 DEBUG [ff7436d2] 	1751578022
 DEBUG [ff7436d2] Finished in 0.235 seconds with exit status 0 (successful).
 DEBUG [9b91021d] Running if test ! -d /tmp/gsas_deployment_testing/gsas_sync_staging/releases/20250703214210; then echo "Directory does not exist '/tmp/gsas_deployment_testing/gsas_sync_staging/releases/20250703214210'" 1>&2; false; fi as ldpdserv@diglib-service-prod1.cul.columbia.edu
 DEBUG [9b91021d] Command: if test ! -d /tmp/gsas_deployment_testing/gsas_sync_staging/releases/20250703214210; then echo "Directory does not exist '/tmp/gsas_deployment_testing/gsas_sync_staging/releases/20250703214210'" 1>&2; false; fi
 DEBUG [9b91021d] Finished in 0.216 seconds with exit status 0 (successful).
  INFO [4a6a330e] Running /usr/bin/env echo "1751578022" > REVISION_TIME as ldpdserv@diglib-service-prod1.cul.columbia.edu
 DEBUG [4a6a330e] Command: cd /tmp/gsas_deployment_testing/gsas_sync_staging/releases/20250703214210 && /usr/bin/env echo "1751578022" > REVISION_TIME
  INFO [4a6a330e] Finished in 0.218 seconds with exit status 0 (successful).
  INFO [2aa9b862] Running /usr/bin/env mkdir -p /tmp/gsas_deployment_testing/gsas_sync_staging/releases/20250703214210/config as ldpdserv@diglib-service-prod1.cul.columbia.edu
 DEBUG [2aa9b862] Command: /usr/bin/env mkdir -p /tmp/gsas_deployment_testing/gsas_sync_staging/releases/20250703214210/config
  INFO [2aa9b862] Finished in 0.231 seconds with exit status 0 (successful).
 DEBUG [f482de9d] Running [ -L /tmp/gsas_deployment_testing/gsas_sync_staging/releases/20250703214210/config/config.yml ] as ldpdserv@diglib-service-prod1.cul.columbia.edu
 DEBUG [f482de9d] Command: [ -L /tmp/gsas_deployment_testing/gsas_sync_staging/releases/20250703214210/config/config.yml ]
 DEBUG [f482de9d] Finished in 0.212 seconds with exit status 1 (failed).
 DEBUG [c6eb06cb] Running [ -f /tmp/gsas_deployment_testing/gsas_sync_staging/releases/20250703214210/config/config.yml ] as ldpdserv@diglib-service-prod1.cul.columbia.edu
 DEBUG [c6eb06cb] Command: [ -f /tmp/gsas_deployment_testing/gsas_sync_staging/releases/20250703214210/config/config.yml ]
 DEBUG [c6eb06cb] Finished in 0.208 seconds with exit status 1 (failed).
  INFO [0948b511] Running /usr/bin/env ln -s /tmp/gsas_deployment_testing/gsas_sync_staging/shared/config/config.yml /tmp/gsas_deployment_testing/gsas_sync_staging/releases/20250703214210/config/config.yml as ldpdserv@diglib-service-prod1.cul.columbia.edu
 DEBUG [0948b511] Command: /usr/bin/env ln -s /tmp/gsas_deployment_testing/gsas_sync_staging/shared/config/config.yml /tmp/gsas_deployment_testing/gsas_sync_staging/releases/20250703214210/config/config.yml
  INFO [0948b511] Finished in 0.208 seconds with exit status 0 (successful).
 DEBUG [4d7bd10b] Running if test ! -d /tmp/gsas_deployment_testing/gsas_sync_staging/releases/20250703214210; then echo "Directory does not exist '/tmp/gsas_deployment_testing/gsas_sync_staging/releases/20250703214210'" 1>&2; false; fi as ldpdserv@diglib-service-prod1.cul.columbia.edu
 DEBUG [4d7bd10b] Command: if test ! -d /tmp/gsas_deployment_testing/gsas_sync_staging/releases/20250703214210; then echo "Directory does not exist '/tmp/gsas_deployment_testing/gsas_sync_staging/releases/20250703214210'" 1>&2; false; fi
 DEBUG [4d7bd10b] Finished in 0.217 seconds with exit status 0 (successful).
  INFO [f8f7cc7f] Running bundle exec whenever as ldpdserv@diglib-service-prod1.cul.columbia.edu
 DEBUG [f8f7cc7f] Command: bundle exec whenever
 DEBUG [f8f7cc7f] 	bash: bundle: command not found
  INFO ---------------------------------------------------------------------------
  INFO START 2025-07-03 17:44:11 -0400 cap staging deploy
  INFO ---------------------------------------------------------------------------
  INFO [a3a2f843] Running /usr/bin/env mkdir -p /tmp as ldpdserv@diglib-service-prod1.cul.columbia.edu
 DEBUG [a3a2f843] Command: /usr/bin/env mkdir -p /tmp
  INFO [a3a2f843] Finished in 0.740 seconds with exit status 0 (successful).
 DEBUG Uploading /tmp/git-ssh-37122a52e79d64da094a.sh 0.0%
  INFO Uploading /tmp/git-ssh-37122a52e79d64da094a.sh 100.0%
  INFO [e0923ea5] Running /usr/bin/env chmod 700 /tmp/git-ssh-37122a52e79d64da094a.sh as ldpdserv@diglib-service-prod1.cul.columbia.edu
 DEBUG [e0923ea5] Command: /usr/bin/env chmod 700 /tmp/git-ssh-37122a52e79d64da094a.sh
  INFO [e0923ea5] Finished in 0.248 seconds with exit status 0 (successful).
  INFO [8cc8540f] Running /usr/bin/env git ls-remote git@github.com:cul/gsas_sync.git/ HEAD as ldpdserv@diglib-service-prod1.cul.columbia.edu
 DEBUG [8cc8540f] Command: ( export GIT_ASKPASS="/bin/echo" GIT_SSH="/tmp/git-ssh-37122a52e79d64da094a.sh" ; /usr/bin/env git ls-remote git@github.com:cul/gsas_sync.git/ HEAD )
 DEBUG [8cc8540f] 	5485efbe34266224b5835cfbb807f3d37ef2b03f	HEAD
  INFO [8cc8540f] Finished in 0.986 seconds with exit status 0 (successful).
  INFO [aa60d1a0] Running /usr/bin/env mkdir -p /tmp/gsas_deployment_testing/gsas_sync_staging/shared /tmp/gsas_deployment_testing/gsas_sync_staging/releases as ldpdserv@diglib-service-prod1.cul.columbia.edu
 DEBUG [aa60d1a0] Command: /usr/bin/env mkdir -p /tmp/gsas_deployment_testing/gsas_sync_staging/shared /tmp/gsas_deployment_testing/gsas_sync_staging/releases
  INFO [aa60d1a0] Finished in 0.214 seconds with exit status 0 (successful).
  INFO [2af9bc47] Running /usr/bin/env mkdir -p /tmp/gsas_deployment_testing/gsas_sync_staging/shared/config as ldpdserv@diglib-service-prod1.cul.columbia.edu
 DEBUG [2af9bc47] Command: /usr/bin/env mkdir -p /tmp/gsas_deployment_testing/gsas_sync_staging/shared/config
  INFO [2af9bc47] Finished in 0.219 seconds with exit status 0 (successful).
 DEBUG [1f898bce] Running [ -f /tmp/gsas_deployment_testing/gsas_sync_staging/shared/config/config.yml ] as ldpdserv@diglib-service-prod1.cul.columbia.edu
 DEBUG [1f898bce] Command: [ -f /tmp/gsas_deployment_testing/gsas_sync_staging/shared/config/config.yml ]
 DEBUG [1f898bce] Finished in 0.211 seconds with exit status 0 (successful).
 DEBUG [9842cbcd] Running [ -f /tmp/gsas_deployment_testing/gsas_sync_staging/current/REVISION ] as ldpdserv@diglib-service-prod1.cul.columbia.edu
 DEBUG [9842cbcd] Command: [ -f /tmp/gsas_deployment_testing/gsas_sync_staging/current/REVISION ]
 DEBUG [9842cbcd] Finished in 0.223 seconds with exit status 0 (successful).
 DEBUG [d13f6734] Running /usr/bin/env cat /tmp/gsas_deployment_testing/gsas_sync_staging/current/REVISION 2>/dev/null as ldpdserv@diglib-service-prod1.cul.columbia.edu
 DEBUG [d13f6734] Command: /usr/bin/env cat /tmp/gsas_deployment_testing/gsas_sync_staging/current/REVISION 2>/dev/null
 DEBUG [d13f6734] 	5485efbe34266224b5835cfbb807f3d37ef2b03f
 DEBUG [d13f6734] Finished in 0.229 seconds with exit status 0 (successful).
 DEBUG [86ca5650] Running [ -f /tmp/gsas_deployment_testing/gsas_sync_staging/current/REVISION_TIME ] as ldpdserv@diglib-service-prod1.cul.columbia.edu
 DEBUG [86ca5650] Command: [ -f /tmp/gsas_deployment_testing/gsas_sync_staging/current/REVISION_TIME ]
 DEBUG [86ca5650] Finished in 0.214 seconds with exit status 0 (successful).
 DEBUG [6ea76993] Running /usr/bin/env cat /tmp/gsas_deployment_testing/gsas_sync_staging/current/REVISION_TIME 2>/dev/null as ldpdserv@diglib-service-prod1.cul.columbia.edu
 DEBUG [6ea76993] Command: /usr/bin/env cat /tmp/gsas_deployment_testing/gsas_sync_staging/current/REVISION_TIME 2>/dev/null
 DEBUG [6ea76993] 	1751578022
 DEBUG [6ea76993] Finished in 0.236 seconds with exit status 0 (successful).
 DEBUG [929536ed] Running [ -f /tmp/gsas_deployment_testing/gsas_sync_staging/repo/HEAD ] as ldpdserv@diglib-service-prod1.cul.columbia.edu
 DEBUG [929536ed] Command: [ -f /tmp/gsas_deployment_testing/gsas_sync_staging/repo/HEAD ]
 DEBUG [929536ed] Finished in 0.231 seconds with exit status 0 (successful).
  INFO The repository mirror is at /tmp/gsas_deployment_testing/gsas_sync_staging/repo
 DEBUG [9367d2a3] Running if test ! -d /tmp/gsas_deployment_testing/gsas_sync_staging/repo; then echo "Directory does not exist '/tmp/gsas_deployment_testing/gsas_sync_staging/repo'" 1>&2; false; fi as ldpdserv@diglib-service-prod1.cul.columbia.edu
 DEBUG [9367d2a3] Command: if test ! -d /tmp/gsas_deployment_testing/gsas_sync_staging/repo; then echo "Directory does not exist '/tmp/gsas_deployment_testing/gsas_sync_staging/repo'" 1>&2; false; fi
 DEBUG [9367d2a3] Finished in 0.213 seconds with exit status 0 (successful).
  INFO [04f7a855] Running /usr/bin/env git remote set-url origin git@github.com:cul/gsas_sync.git/ as ldpdserv@diglib-service-prod1.cul.columbia.edu
 DEBUG [04f7a855] Command: cd /tmp/gsas_deployment_testing/gsas_sync_staging/repo && ( export GIT_ASKPASS="/bin/echo" GIT_SSH="/tmp/git-ssh-37122a52e79d64da094a.sh" ; /usr/bin/env git remote set-url origin git@github.com:cul/gsas_sync.git/ )
  INFO [04f7a855] Finished in 0.223 seconds with exit status 0 (successful).
  INFO [6ebbdd2c] Running /usr/bin/env git remote update --prune as ldpdserv@diglib-service-prod1.cul.columbia.edu
 DEBUG [6ebbdd2c] Command: cd /tmp/gsas_deployment_testing/gsas_sync_staging/repo && ( export GIT_ASKPASS="/bin/echo" GIT_SSH="/tmp/git-ssh-37122a52e79d64da094a.sh" ; /usr/bin/env git remote update --prune )
  INFO [6ebbdd2c] Finished in 0.964 seconds with exit status 0 (successful).
 DEBUG [4fe523f0] Running if test ! -d /tmp/gsas_deployment_testing/gsas_sync_staging/repo; then echo "Directory does not exist '/tmp/gsas_deployment_testing/gsas_sync_staging/repo'" 1>&2; false; fi as ldpdserv@diglib-service-prod1.cul.columbia.edu
 DEBUG [4fe523f0] Command: if test ! -d /tmp/gsas_deployment_testing/gsas_sync_staging/repo; then echo "Directory does not exist '/tmp/gsas_deployment_testing/gsas_sync_staging/repo'" 1>&2; false; fi
 DEBUG [4fe523f0] Finished in 0.213 seconds with exit status 0 (successful).
  INFO [41c09737] Running /usr/bin/env mkdir -p /tmp/gsas_deployment_testing/gsas_sync_staging/releases/20250703214414 as ldpdserv@diglib-service-prod1.cul.columbia.edu
 DEBUG [41c09737] Command: cd /tmp/gsas_deployment_testing/gsas_sync_staging/repo && ( export GIT_ASKPASS="/bin/echo" GIT_SSH="/tmp/git-ssh-37122a52e79d64da094a.sh" ; /usr/bin/env mkdir -p /tmp/gsas_deployment_testing/gsas_sync_staging/releases/20250703214414 )
  INFO [41c09737] Finished in 0.226 seconds with exit status 0 (successful).
  INFO [3b2bf70f] Running /usr/bin/env git archive LDPD-451 | /usr/bin/env tar -x -f - -C /tmp/gsas_deployment_testing/gsas_sync_staging/releases/20250703214414 as ldpdserv@diglib-service-prod1.cul.columbia.edu
 DEBUG [3b2bf70f] Command: cd /tmp/gsas_deployment_testing/gsas_sync_staging/repo && ( export GIT_ASKPASS="/bin/echo" GIT_SSH="/tmp/git-ssh-37122a52e79d64da094a.sh" ; /usr/bin/env git archive LDPD-451 | /usr/bin/env tar -x -f - -C /tmp/gsas_deployment_testing/gsas_sync_staging/releases/20250703214414 )
  INFO [3b2bf70f] Finished in 0.229 seconds with exit status 0 (successful).
 DEBUG [7a9beafb] Running if test ! -d /tmp/gsas_deployment_testing/gsas_sync_staging/repo; then echo "Directory does not exist '/tmp/gsas_deployment_testing/gsas_sync_staging/repo'" 1>&2; false; fi as ldpdserv@diglib-service-prod1.cul.columbia.edu
 DEBUG [7a9beafb] Command: if test ! -d /tmp/gsas_deployment_testing/gsas_sync_staging/repo; then echo "Directory does not exist '/tmp/gsas_deployment_testing/gsas_sync_staging/repo'" 1>&2; false; fi
 DEBUG [7a9beafb] Finished in 0.215 seconds with exit status 0 (successful).
 DEBUG [bdafdaa3] Running /usr/bin/env git rev-list --max-count=1 LDPD-451 as ldpdserv@diglib-service-prod1.cul.columbia.edu
 DEBUG [bdafdaa3] Command: cd /tmp/gsas_deployment_testing/gsas_sync_staging/repo && ( export GIT_ASKPASS="/bin/echo" GIT_SSH="/tmp/git-ssh-37122a52e79d64da094a.sh" ; /usr/bin/env git rev-list --max-count=1 LDPD-451 )
 DEBUG [bdafdaa3] 	5485efbe34266224b5835cfbb807f3d37ef2b03f
 DEBUG [bdafdaa3] Finished in 0.238 seconds with exit status 0 (successful).
 DEBUG [6d992587] Running if test ! -d /tmp/gsas_deployment_testing/gsas_sync_staging/releases/20250703214414; then echo "Directory does not exist '/tmp/gsas_deployment_testing/gsas_sync_staging/releases/20250703214414'" 1>&2; false; fi as ldpdserv@diglib-service-prod1.cul.columbia.edu
 DEBUG [6d992587] Command: if test ! -d /tmp/gsas_deployment_testing/gsas_sync_staging/releases/20250703214414; then echo "Directory does not exist '/tmp/gsas_deployment_testing/gsas_sync_staging/releases/20250703214414'" 1>&2; false; fi
 DEBUG [6d992587] Finished in 0.212 seconds with exit status 0 (successful).
  INFO [40a9c199] Running /usr/bin/env echo "5485efbe34266224b5835cfbb807f3d37ef2b03f" > REVISION as ldpdserv@diglib-service-prod1.cul.columbia.edu
 DEBUG [40a9c199] Command: cd /tmp/gsas_deployment_testing/gsas_sync_staging/releases/20250703214414 && /usr/bin/env echo "5485efbe34266224b5835cfbb807f3d37ef2b03f" > REVISION
  INFO [40a9c199] Finished in 0.232 seconds with exit status 0 (successful).
 DEBUG [4d8ab1da] Running if test ! -d /tmp/gsas_deployment_testing/gsas_sync_staging/repo; then echo "Directory does not exist '/tmp/gsas_deployment_testing/gsas_sync_staging/repo'" 1>&2; false; fi as ldpdserv@diglib-service-prod1.cul.columbia.edu
 DEBUG [4d8ab1da] Command: if test ! -d /tmp/gsas_deployment_testing/gsas_sync_staging/repo; then echo "Directory does not exist '/tmp/gsas_deployment_testing/gsas_sync_staging/repo'" 1>&2; false; fi
 DEBUG [4d8ab1da] Finished in 0.214 seconds with exit status 0 (successful).
 DEBUG [a9222d9e] Running /usr/bin/env git --no-pager log -1 --pretty=format:"%ct" LDPD-451 as ldpdserv@diglib-service-prod1.cul.columbia.edu
 DEBUG [a9222d9e] Command: cd /tmp/gsas_deployment_testing/gsas_sync_staging/repo && ( export GIT_ASKPASS="/bin/echo" GIT_SSH="/tmp/git-ssh-37122a52e79d64da094a.sh" ; /usr/bin/env git --no-pager log -1 --pretty=format:"%ct" LDPD-451 )
 DEBUG [a9222d9e] 	1751578022
 DEBUG [a9222d9e] Finished in 0.242 seconds with exit status 0 (successful).
 DEBUG [10cace43] Running if test ! -d /tmp/gsas_deployment_testing/gsas_sync_staging/releases/20250703214414; then echo "Directory does not exist '/tmp/gsas_deployment_testing/gsas_sync_staging/releases/20250703214414'" 1>&2; false; fi as ldpdserv@diglib-service-prod1.cul.columbia.edu
 DEBUG [10cace43] Command: if test ! -d /tmp/gsas_deployment_testing/gsas_sync_staging/releases/20250703214414; then echo "Directory does not exist '/tmp/gsas_deployment_testing/gsas_sync_staging/releases/20250703214414'" 1>&2; false; fi
 DEBUG [10cace43] Finished in 0.217 seconds with exit status 0 (successful).
  INFO [cd1ebbaa] Running /usr/bin/env echo "1751578022" > REVISION_TIME as ldpdserv@diglib-service-prod1.cul.columbia.edu
 DEBUG [cd1ebbaa] Command: cd /tmp/gsas_deployment_testing/gsas_sync_staging/releases/20250703214414 && /usr/bin/env echo "1751578022" > REVISION_TIME
  INFO [cd1ebbaa] Finished in 0.234 seconds with exit status 0 (successful).
  INFO [8ab2657f] Running /usr/bin/env mkdir -p /tmp/gsas_deployment_testing/gsas_sync_staging/releases/20250703214414/config as ldpdserv@diglib-service-prod1.cul.columbia.edu
 DEBUG [8ab2657f] Command: /usr/bin/env mkdir -p /tmp/gsas_deployment_testing/gsas_sync_staging/releases/20250703214414/config
  INFO [8ab2657f] Finished in 0.219 seconds with exit status 0 (successful).
 DEBUG [0d5e2182] Running [ -L /tmp/gsas_deployment_testing/gsas_sync_staging/releases/20250703214414/config/config.yml ] as ldpdserv@diglib-service-prod1.cul.columbia.edu
 DEBUG [0d5e2182] Command: [ -L /tmp/gsas_deployment_testing/gsas_sync_staging/releases/20250703214414/config/config.yml ]
 DEBUG [0d5e2182] Finished in 0.221 seconds with exit status 1 (failed).
 DEBUG [55a60be4] Running [ -f /tmp/gsas_deployment_testing/gsas_sync_staging/releases/20250703214414/config/config.yml ] as ldpdserv@diglib-service-prod1.cul.columbia.edu
 DEBUG [55a60be4] Command: [ -f /tmp/gsas_deployment_testing/gsas_sync_staging/releases/20250703214414/config/config.yml ]
 DEBUG [55a60be4] Finished in 0.228 seconds with exit status 1 (failed).
  INFO [53cbf741] Running /usr/bin/env ln -s /tmp/gsas_deployment_testing/gsas_sync_staging/shared/config/config.yml /tmp/gsas_deployment_testing/gsas_sync_staging/releases/20250703214414/config/config.yml as ldpdserv@diglib-service-prod1.cul.columbia.edu
 DEBUG [53cbf741] Command: /usr/bin/env ln -s /tmp/gsas_deployment_testing/gsas_sync_staging/shared/config/config.yml /tmp/gsas_deployment_testing/gsas_sync_staging/releases/20250703214414/config/config.yml
  INFO [53cbf741] Finished in 0.239 seconds with exit status 0 (successful).
 DEBUG [9813ee52] Running if test ! -d /tmp/gsas_deployment_testing/gsas_sync_staging/releases/20250703214414; then echo "Directory does not exist '/tmp/gsas_deployment_testing/gsas_sync_staging/releases/20250703214414'" 1>&2; false; fi as ldpdserv@diglib-service-prod1.cul.columbia.edu
 DEBUG [9813ee52] Command: if test ! -d /tmp/gsas_deployment_testing/gsas_sync_staging/releases/20250703214414; then echo "Directory does not exist '/tmp/gsas_deployment_testing/gsas_sync_staging/releases/20250703214414'" 1>&2; false; fi
 DEBUG [9813ee52] Finished in 0.214 seconds with exit status 0 (successful).
  INFO [c088e023] Running /usr/bin/env bundle exec whenever --update-crontab gsas_sync_staging --set environment=staging --roles=app  as ldpdserv@diglib-service-prod1.cul.columbia.edu
 DEBUG [c088e023] Command: cd /tmp/gsas_deployment_testing/gsas_sync_staging/releases/20250703214414 && ( export RAILS_ENV="staging" ; /usr/bin/env bundle exec whenever --update-crontab gsas_sync_staging --set environment=staging --roles=app  )
 DEBUG [c088e023] 	/usr/bin/env: ‘bundle’: No such file or directory
  INFO ---------------------------------------------------------------------------
  INFO START 2025-07-03 17:44:51 -0400 cap staging deploy
  INFO ---------------------------------------------------------------------------
  INFO [7c389d11] Running /usr/bin/env mkdir -p /tmp as ldpdserv@diglib-service-prod1.cul.columbia.edu
 DEBUG [7c389d11] Command: /usr/bin/env mkdir -p /tmp
  INFO [7c389d11] Finished in 0.677 seconds with exit status 0 (successful).
 DEBUG Uploading /tmp/git-ssh-a9028c1812153ebe2f83.sh 0.0%
  INFO Uploading /tmp/git-ssh-a9028c1812153ebe2f83.sh 100.0%
  INFO [ffc6b2ff] Running /usr/bin/env chmod 700 /tmp/git-ssh-a9028c1812153ebe2f83.sh as ldpdserv@diglib-service-prod1.cul.columbia.edu
 DEBUG [ffc6b2ff] Command: /usr/bin/env chmod 700 /tmp/git-ssh-a9028c1812153ebe2f83.sh
  INFO [ffc6b2ff] Finished in 0.229 seconds with exit status 0 (successful).
  INFO [5c0acd5a] Running /usr/bin/env git ls-remote git@github.com:cul/gsas_sync.git/ HEAD as ldpdserv@diglib-service-prod1.cul.columbia.edu
 DEBUG [5c0acd5a] Command: ( export GIT_ASKPASS="/bin/echo" GIT_SSH="/tmp/git-ssh-a9028c1812153ebe2f83.sh" ; /usr/bin/env git ls-remote git@github.com:cul/gsas_sync.git/ HEAD )
 DEBUG [5c0acd5a] 	5485efbe34266224b5835cfbb807f3d37ef2b03f	HEAD
  INFO [5c0acd5a] Finished in 0.965 seconds with exit status 0 (successful).
  INFO [adad3b96] Running /usr/bin/env mkdir -p /tmp/gsas_deployment_testing/gsas_sync_staging/shared /tmp/gsas_deployment_testing/gsas_sync_staging/releases as ldpdserv@diglib-service-prod1.cul.columbia.edu
 DEBUG [adad3b96] Command: /usr/bin/env mkdir -p /tmp/gsas_deployment_testing/gsas_sync_staging/shared /tmp/gsas_deployment_testing/gsas_sync_staging/releases
  INFO [adad3b96] Finished in 0.211 seconds with exit status 0 (successful).
  INFO [77d51b77] Running /usr/bin/env mkdir -p /tmp/gsas_deployment_testing/gsas_sync_staging/shared/config as ldpdserv@diglib-service-prod1.cul.columbia.edu
 DEBUG [77d51b77] Command: /usr/bin/env mkdir -p /tmp/gsas_deployment_testing/gsas_sync_staging/shared/config
  INFO [77d51b77] Finished in 0.222 seconds with exit status 0 (successful).
 DEBUG [60ed57e6] Running [ -f /tmp/gsas_deployment_testing/gsas_sync_staging/shared/config/config.yml ] as ldpdserv@diglib-service-prod1.cul.columbia.edu
 DEBUG [60ed57e6] Command: [ -f /tmp/gsas_deployment_testing/gsas_sync_staging/shared/config/config.yml ]
 DEBUG [60ed57e6] Finished in 0.208 seconds with exit status 0 (successful).
 DEBUG [e637ae52] Running [ -f /tmp/gsas_deployment_testing/gsas_sync_staging/current/REVISION ] as ldpdserv@diglib-service-prod1.cul.columbia.edu
 DEBUG [e637ae52] Command: [ -f /tmp/gsas_deployment_testing/gsas_sync_staging/current/REVISION ]
 DEBUG [e637ae52] Finished in 0.222 seconds with exit status 0 (successful).
 DEBUG [010c5624] Running /usr/bin/env cat /tmp/gsas_deployment_testing/gsas_sync_staging/current/REVISION 2>/dev/null as ldpdserv@diglib-service-prod1.cul.columbia.edu
 DEBUG [010c5624] Command: /usr/bin/env cat /tmp/gsas_deployment_testing/gsas_sync_staging/current/REVISION 2>/dev/null
 DEBUG [010c5624] 	5485efbe34266224b5835cfbb807f3d37ef2b03f
 DEBUG [010c5624] Finished in 0.242 seconds with exit status 0 (successful).
 DEBUG [54019874] Running [ -f /tmp/gsas_deployment_testing/gsas_sync_staging/current/REVISION_TIME ] as ldpdserv@diglib-service-prod1.cul.columbia.edu
 DEBUG [54019874] Command: [ -f /tmp/gsas_deployment_testing/gsas_sync_staging/current/REVISION_TIME ]
 DEBUG [54019874] Finished in 0.222 seconds with exit status 0 (successful).
 DEBUG [842a4d3e] Running /usr/bin/env cat /tmp/gsas_deployment_testing/gsas_sync_staging/current/REVISION_TIME 2>/dev/null as ldpdserv@diglib-service-prod1.cul.columbia.edu
 DEBUG [842a4d3e] Command: /usr/bin/env cat /tmp/gsas_deployment_testing/gsas_sync_staging/current/REVISION_TIME 2>/dev/null
 DEBUG [842a4d3e] 	1751578022
 DEBUG [842a4d3e] Finished in 0.240 seconds with exit status 0 (successful).
 DEBUG [76e49f56] Running [ -f /tmp/gsas_deployment_testing/gsas_sync_staging/repo/HEAD ] as ldpdserv@diglib-service-prod1.cul.columbia.edu
 DEBUG [76e49f56] Command: [ -f /tmp/gsas_deployment_testing/gsas_sync_staging/repo/HEAD ]
 DEBUG [76e49f56] Finished in 0.235 seconds with exit status 0 (successful).
  INFO The repository mirror is at /tmp/gsas_deployment_testing/gsas_sync_staging/repo
 DEBUG [eaffefda] Running if test ! -d /tmp/gsas_deployment_testing/gsas_sync_staging/repo; then echo "Directory does not exist '/tmp/gsas_deployment_testing/gsas_sync_staging/repo'" 1>&2; false; fi as ldpdserv@diglib-service-prod1.cul.columbia.edu
 DEBUG [eaffefda] Command: if test ! -d /tmp/gsas_deployment_testing/gsas_sync_staging/repo; then echo "Directory does not exist '/tmp/gsas_deployment_testing/gsas_sync_staging/repo'" 1>&2; false; fi
 DEBUG [eaffefda] Finished in 0.243 seconds with exit status 0 (successful).
  INFO [5e86c0eb] Running /usr/bin/env git remote set-url origin git@github.com:cul/gsas_sync.git/ as ldpdserv@diglib-service-prod1.cul.columbia.edu
 DEBUG [5e86c0eb] Command: cd /tmp/gsas_deployment_testing/gsas_sync_staging/repo && ( export GIT_ASKPASS="/bin/echo" GIT_SSH="/tmp/git-ssh-a9028c1812153ebe2f83.sh" ; /usr/bin/env git remote set-url origin git@github.com:cul/gsas_sync.git/ )
  INFO [5e86c0eb] Finished in 0.233 seconds with exit status 0 (successful).
  INFO [7e6c4709] Running /usr/bin/env git remote update --prune as ldpdserv@diglib-service-prod1.cul.columbia.edu
 DEBUG [7e6c4709] Command: cd /tmp/gsas_deployment_testing/gsas_sync_staging/repo && ( export GIT_ASKPASS="/bin/echo" GIT_SSH="/tmp/git-ssh-a9028c1812153ebe2f83.sh" ; /usr/bin/env git remote update --prune )
  INFO [7e6c4709] Finished in 1.014 seconds with exit status 0 (successful).
 DEBUG [c224ef67] Running if test ! -d /tmp/gsas_deployment_testing/gsas_sync_staging/repo; then echo "Directory does not exist '/tmp/gsas_deployment_testing/gsas_sync_staging/repo'" 1>&2; false; fi as ldpdserv@diglib-service-prod1.cul.columbia.edu
 DEBUG [c224ef67] Command: if test ! -d /tmp/gsas_deployment_testing/gsas_sync_staging/repo; then echo "Directory does not exist '/tmp/gsas_deployment_testing/gsas_sync_staging/repo'" 1>&2; false; fi
 DEBUG [c224ef67] Finished in 0.230 seconds with exit status 0 (successful).
  INFO [bbbd2c52] Running /usr/bin/env mkdir -p /tmp/gsas_deployment_testing/gsas_sync_staging/releases/20250703214454 as ldpdserv@diglib-service-prod1.cul.columbia.edu
 DEBUG [bbbd2c52] Command: cd /tmp/gsas_deployment_testing/gsas_sync_staging/repo && ( export GIT_ASKPASS="/bin/echo" GIT_SSH="/tmp/git-ssh-a9028c1812153ebe2f83.sh" ; /usr/bin/env mkdir -p /tmp/gsas_deployment_testing/gsas_sync_staging/releases/20250703214454 )
  INFO [bbbd2c52] Finished in 0.229 seconds with exit status 0 (successful).
  INFO [63427f36] Running /usr/bin/env git archive LDPD-451 | /usr/bin/env tar -x -f - -C /tmp/gsas_deployment_testing/gsas_sync_staging/releases/20250703214454 as ldpdserv@diglib-service-prod1.cul.columbia.edu
 DEBUG [63427f36] Command: cd /tmp/gsas_deployment_testing/gsas_sync_staging/repo && ( export GIT_ASKPASS="/bin/echo" GIT_SSH="/tmp/git-ssh-a9028c1812153ebe2f83.sh" ; /usr/bin/env git archive LDPD-451 | /usr/bin/env tar -x -f - -C /tmp/gsas_deployment_testing/gsas_sync_staging/releases/20250703214454 )
  INFO [63427f36] Finished in 0.222 seconds with exit status 0 (successful).
 DEBUG [94aad112] Running if test ! -d /tmp/gsas_deployment_testing/gsas_sync_staging/repo; then echo "Directory does not exist '/tmp/gsas_deployment_testing/gsas_sync_staging/repo'" 1>&2; false; fi as ldpdserv@diglib-service-prod1.cul.columbia.edu
 DEBUG [94aad112] Command: if test ! -d /tmp/gsas_deployment_testing/gsas_sync_staging/repo; then echo "Directory does not exist '/tmp/gsas_deployment_testing/gsas_sync_staging/repo'" 1>&2; false; fi
 DEBUG [94aad112] Finished in 0.231 seconds with exit status 0 (successful).
 DEBUG [6165f359] Running /usr/bin/env git rev-list --max-count=1 LDPD-451 as ldpdserv@diglib-service-prod1.cul.columbia.edu
 DEBUG [6165f359] Command: cd /tmp/gsas_deployment_testing/gsas_sync_staging/repo && ( export GIT_ASKPASS="/bin/echo" GIT_SSH="/tmp/git-ssh-a9028c1812153ebe2f83.sh" ; /usr/bin/env git rev-list --max-count=1 LDPD-451 )
 DEBUG [6165f359] 	5485efbe34266224b5835cfbb807f3d37ef2b03f
 DEBUG [6165f359] Finished in 0.256 seconds with exit status 0 (successful).
 DEBUG [f46b158d] Running if test ! -d /tmp/gsas_deployment_testing/gsas_sync_staging/releases/20250703214454; then echo "Directory does not exist '/tmp/gsas_deployment_testing/gsas_sync_staging/releases/20250703214454'" 1>&2; false; fi as ldpdserv@diglib-service-prod1.cul.columbia.edu
 DEBUG [f46b158d] Command: if test ! -d /tmp/gsas_deployment_testing/gsas_sync_staging/releases/20250703214454; then echo "Directory does not exist '/tmp/gsas_deployment_testing/gsas_sync_staging/releases/20250703214454'" 1>&2; false; fi
 DEBUG [f46b158d] Finished in 0.230 seconds with exit status 0 (successful).
  INFO [08b451db] Running /usr/bin/env echo "5485efbe34266224b5835cfbb807f3d37ef2b03f" > REVISION as ldpdserv@diglib-service-prod1.cul.columbia.edu
 DEBUG [08b451db] Command: cd /tmp/gsas_deployment_testing/gsas_sync_staging/releases/20250703214454 && /usr/bin/env echo "5485efbe34266224b5835cfbb807f3d37ef2b03f" > REVISION
  INFO [08b451db] Finished in 0.230 seconds with exit status 0 (successful).
 DEBUG [6f54ac46] Running if test ! -d /tmp/gsas_deployment_testing/gsas_sync_staging/repo; then echo "Directory does not exist '/tmp/gsas_deployment_testing/gsas_sync_staging/repo'" 1>&2; false; fi as ldpdserv@diglib-service-prod1.cul.columbia.edu
 DEBUG [6f54ac46] Command: if test ! -d /tmp/gsas_deployment_testing/gsas_sync_staging/repo; then echo "Directory does not exist '/tmp/gsas_deployment_testing/gsas_sync_staging/repo'" 1>&2; false; fi
 DEBUG [6f54ac46] Finished in 0.224 seconds with exit status 0 (successful).
 DEBUG [87c49e05] Running /usr/bin/env git --no-pager log -1 --pretty=format:"%ct" LDPD-451 as ldpdserv@diglib-service-prod1.cul.columbia.edu
 DEBUG [87c49e05] Command: cd /tmp/gsas_deployment_testing/gsas_sync_staging/repo && ( export GIT_ASKPASS="/bin/echo" GIT_SSH="/tmp/git-ssh-a9028c1812153ebe2f83.sh" ; /usr/bin/env git --no-pager log -1 --pretty=format:"%ct" LDPD-451 )
 DEBUG [87c49e05] 	1751578022
 DEBUG [87c49e05] Finished in 0.241 seconds with exit status 0 (successful).
 DEBUG [e29318d6] Running if test ! -d /tmp/gsas_deployment_testing/gsas_sync_staging/releases/20250703214454; then echo "Directory does not exist '/tmp/gsas_deployment_testing/gsas_sync_staging/releases/20250703214454'" 1>&2; false; fi as ldpdserv@diglib-service-prod1.cul.columbia.edu
 DEBUG [e29318d6] Command: if test ! -d /tmp/gsas_deployment_testing/gsas_sync_staging/releases/20250703214454; then echo "Directory does not exist '/tmp/gsas_deployment_testing/gsas_sync_staging/releases/20250703214454'" 1>&2; false; fi
 DEBUG [e29318d6] Finished in 0.221 seconds with exit status 0 (successful).
  INFO [63f2fab3] Running /usr/bin/env echo "1751578022" > REVISION_TIME as ldpdserv@diglib-service-prod1.cul.columbia.edu
 DEBUG [63f2fab3] Command: cd /tmp/gsas_deployment_testing/gsas_sync_staging/releases/20250703214454 && /usr/bin/env echo "1751578022" > REVISION_TIME
  INFO [63f2fab3] Finished in 0.205 seconds with exit status 0 (successful).
  INFO [0e582f00] Running /usr/bin/env mkdir -p /tmp/gsas_deployment_testing/gsas_sync_staging/releases/20250703214454/config as ldpdserv@diglib-service-prod1.cul.columbia.edu
 DEBUG [0e582f00] Command: /usr/bin/env mkdir -p /tmp/gsas_deployment_testing/gsas_sync_staging/releases/20250703214454/config
  INFO [0e582f00] Finished in 0.244 seconds with exit status 0 (successful).
 DEBUG [fe4316cd] Running [ -L /tmp/gsas_deployment_testing/gsas_sync_staging/releases/20250703214454/config/config.yml ] as ldpdserv@diglib-service-prod1.cul.columbia.edu
 DEBUG [fe4316cd] Command: [ -L /tmp/gsas_deployment_testing/gsas_sync_staging/releases/20250703214454/config/config.yml ]
 DEBUG [fe4316cd] Finished in 0.223 seconds with exit status 1 (failed).
 DEBUG [e7660b8a] Running [ -f /tmp/gsas_deployment_testing/gsas_sync_staging/releases/20250703214454/config/config.yml ] as ldpdserv@diglib-service-prod1.cul.columbia.edu
 DEBUG [e7660b8a] Command: [ -f /tmp/gsas_deployment_testing/gsas_sync_staging/releases/20250703214454/config/config.yml ]
 DEBUG [e7660b8a] Finished in 0.321 seconds with exit status 1 (failed).
  INFO [4edcbea7] Running /usr/bin/env ln -s /tmp/gsas_deployment_testing/gsas_sync_staging/shared/config/config.yml /tmp/gsas_deployment_testing/gsas_sync_staging/releases/20250703214454/config/config.yml as ldpdserv@diglib-service-prod1.cul.columbia.edu
 DEBUG [4edcbea7] Command: /usr/bin/env ln -s /tmp/gsas_deployment_testing/gsas_sync_staging/shared/config/config.yml /tmp/gsas_deployment_testing/gsas_sync_staging/releases/20250703214454/config/config.yml
  INFO [4edcbea7] Finished in 0.297 seconds with exit status 0 (successful).
 DEBUG [ba5b3b5c] Running if test ! -d /tmp/gsas_deployment_testing/gsas_sync_staging/releases/20250703214454; then echo "Directory does not exist '/tmp/gsas_deployment_testing/gsas_sync_staging/releases/20250703214454'" 1>&2; false; fi as ldpdserv@diglib-service-prod1.cul.columbia.edu
 DEBUG [ba5b3b5c] Command: if test ! -d /tmp/gsas_deployment_testing/gsas_sync_staging/releases/20250703214454; then echo "Directory does not exist '/tmp/gsas_deployment_testing/gsas_sync_staging/releases/20250703214454'" 1>&2; false; fi
 DEBUG [ba5b3b5c] Finished in 0.411 seconds with exit status 0 (successful).
  INFO [19f7f3ce] Running /usr/bin/env bundle exec whenever --update-crontab gsas_sync_staging --set environment=staging --roles=app  as ldpdserv@diglib-service-prod1.cul.columbia.edu
 DEBUG [19f7f3ce] Command: cd /tmp/gsas_deployment_testing/gsas_sync_staging/releases/20250703214454 && ( export RAILS_ENV="staging" ; /usr/bin/env bundle exec whenever --update-crontab gsas_sync_staging --set environment=staging --roles=app  )
 DEBUG [19f7f3ce] 	/usr/bin/env: ‘bundle’: No such file or directory
  INFO ---------------------------------------------------------------------------
  INFO START 2025-07-03 17:51:15 -0400 cap staging deploy
  INFO ---------------------------------------------------------------------------
  INFO [c4f53b9f] Running /usr/bin/env mkdir -p /tmp as ldpdserv@diglib-service-prod1.cul.columbia.edu
 DEBUG [c4f53b9f] Command: /usr/bin/env mkdir -p /tmp
  INFO [c4f53b9f] Finished in 0.731 seconds with exit status 0 (successful).
 DEBUG Uploading /tmp/git-ssh-2219674f6fd054334f45.sh 0.0%
  INFO Uploading /tmp/git-ssh-2219674f6fd054334f45.sh 100.0%
  INFO [b56adcf2] Running /usr/bin/env chmod 700 /tmp/git-ssh-2219674f6fd054334f45.sh as ldpdserv@diglib-service-prod1.cul.columbia.edu
 DEBUG [b56adcf2] Command: /usr/bin/env chmod 700 /tmp/git-ssh-2219674f6fd054334f45.sh
  INFO [b56adcf2] Finished in 0.223 seconds with exit status 0 (successful).
  INFO [3c719e8d] Running /usr/bin/env git ls-remote git@github.com:cul/gsas_sync.git/ HEAD as ldpdserv@diglib-service-prod1.cul.columbia.edu
 DEBUG [3c719e8d] Command: ( export GIT_ASKPASS="/bin/echo" GIT_SSH="/tmp/git-ssh-2219674f6fd054334f45.sh" ; /usr/bin/env git ls-remote git@github.com:cul/gsas_sync.git/ HEAD )
 DEBUG [3c719e8d] 	5485efbe34266224b5835cfbb807f3d37ef2b03f	HEAD
  INFO [3c719e8d] Finished in 1.177 seconds with exit status 0 (successful).
  INFO [ffe03073] Running /usr/bin/env mkdir -p /tmp/gsas_deployment_testing/gsas_sync_staging/shared /tmp/gsas_deployment_testing/gsas_sync_staging/releases as ldpdserv@diglib-service-prod1.cul.columbia.edu
 DEBUG [ffe03073] Command: /usr/bin/env mkdir -p /tmp/gsas_deployment_testing/gsas_sync_staging/shared /tmp/gsas_deployment_testing/gsas_sync_staging/releases
  INFO [ffe03073] Finished in 0.225 seconds with exit status 0 (successful).
  INFO [a678f4a9] Running /usr/bin/env mkdir -p /tmp/gsas_deployment_testing/gsas_sync_staging/shared/.bundle as ldpdserv@diglib-service-prod1.cul.columbia.edu
 DEBUG [a678f4a9] Command: /usr/bin/env mkdir -p /tmp/gsas_deployment_testing/gsas_sync_staging/shared/.bundle
  INFO [a678f4a9] Finished in 0.242 seconds with exit status 0 (successful).
  INFO [3ffaffc5] Running /usr/bin/env mkdir -p /tmp/gsas_deployment_testing/gsas_sync_staging/shared/config as ldpdserv@diglib-service-prod1.cul.columbia.edu
 DEBUG [3ffaffc5] Command: /usr/bin/env mkdir -p /tmp/gsas_deployment_testing/gsas_sync_staging/shared/config
  INFO [3ffaffc5] Finished in 0.252 seconds with exit status 0 (successful).
 DEBUG [3f3faf01] Running [ -f /tmp/gsas_deployment_testing/gsas_sync_staging/shared/config/config.yml ] as ldpdserv@diglib-service-prod1.cul.columbia.edu
 DEBUG [3f3faf01] Command: [ -f /tmp/gsas_deployment_testing/gsas_sync_staging/shared/config/config.yml ]
 DEBUG [3f3faf01] Finished in 0.228 seconds with exit status 0 (successful).
 DEBUG [c0112057] Running [ -f /tmp/gsas_deployment_testing/gsas_sync_staging/current/REVISION ] as ldpdserv@diglib-service-prod1.cul.columbia.edu
 DEBUG [c0112057] Command: [ -f /tmp/gsas_deployment_testing/gsas_sync_staging/current/REVISION ]
 DEBUG [c0112057] Finished in 0.221 seconds with exit status 0 (successful).
 DEBUG [f52c3acd] Running /usr/bin/env cat /tmp/gsas_deployment_testing/gsas_sync_staging/current/REVISION 2>/dev/null as ldpdserv@diglib-service-prod1.cul.columbia.edu
 DEBUG [f52c3acd] Command: /usr/bin/env cat /tmp/gsas_deployment_testing/gsas_sync_staging/current/REVISION 2>/dev/null
 DEBUG [f52c3acd] 	5485efbe34266224b5835cfbb807f3d37ef2b03f
 DEBUG [f52c3acd] Finished in 0.254 seconds with exit status 0 (successful).
 DEBUG [934f0c58] Running [ -f /tmp/gsas_deployment_testing/gsas_sync_staging/current/REVISION_TIME ] as ldpdserv@diglib-service-prod1.cul.columbia.edu
 DEBUG [934f0c58] Command: [ -f /tmp/gsas_deployment_testing/gsas_sync_staging/current/REVISION_TIME ]
 DEBUG [934f0c58] Finished in 0.231 seconds with exit status 0 (successful).
 DEBUG [82cfccc6] Running /usr/bin/env cat /tmp/gsas_deployment_testing/gsas_sync_staging/current/REVISION_TIME 2>/dev/null as ldpdserv@diglib-service-prod1.cul.columbia.edu
 DEBUG [82cfccc6] Command: /usr/bin/env cat /tmp/gsas_deployment_testing/gsas_sync_staging/current/REVISION_TIME 2>/dev/null
 DEBUG [82cfccc6] 	1751578022
 DEBUG [82cfccc6] Finished in 0.239 seconds with exit status 0 (successful).
 DEBUG [54187349] Running [ -f /tmp/gsas_deployment_testing/gsas_sync_staging/repo/HEAD ] as ldpdserv@diglib-service-prod1.cul.columbia.edu
 DEBUG [54187349] Command: [ -f /tmp/gsas_deployment_testing/gsas_sync_staging/repo/HEAD ]
 DEBUG [54187349] Finished in 0.241 seconds with exit status 0 (successful).
  INFO The repository mirror is at /tmp/gsas_deployment_testing/gsas_sync_staging/repo
 DEBUG [e86e8c42] Running if test ! -d /tmp/gsas_deployment_testing/gsas_sync_staging/repo; then echo "Directory does not exist '/tmp/gsas_deployment_testing/gsas_sync_staging/repo'" 1>&2; false; fi as ldpdserv@diglib-service-prod1.cul.columbia.edu
 DEBUG [e86e8c42] Command: if test ! -d /tmp/gsas_deployment_testing/gsas_sync_staging/repo; then echo "Directory does not exist '/tmp/gsas_deployment_testing/gsas_sync_staging/repo'" 1>&2; false; fi
 DEBUG [e86e8c42] Finished in 0.230 seconds with exit status 0 (successful).
  INFO [a9abd621] Running /usr/bin/env git remote set-url origin git@github.com:cul/gsas_sync.git/ as ldpdserv@diglib-service-prod1.cul.columbia.edu
 DEBUG [a9abd621] Command: cd /tmp/gsas_deployment_testing/gsas_sync_staging/repo && ( export GIT_ASKPASS="/bin/echo" GIT_SSH="/tmp/git-ssh-2219674f6fd054334f45.sh" ; /usr/bin/env git remote set-url origin git@github.com:cul/gsas_sync.git/ )
  INFO [a9abd621] Finished in 0.241 seconds with exit status 0 (successful).
  INFO [a8bc36f4] Running /usr/bin/env git remote update --prune as ldpdserv@diglib-service-prod1.cul.columbia.edu
 DEBUG [a8bc36f4] Command: cd /tmp/gsas_deployment_testing/gsas_sync_staging/repo && ( export GIT_ASKPASS="/bin/echo" GIT_SSH="/tmp/git-ssh-2219674f6fd054334f45.sh" ; /usr/bin/env git remote update --prune )
  INFO [a8bc36f4] Finished in 1.036 seconds with exit status 0 (successful).
 DEBUG [32b19db6] Running if test ! -d /tmp/gsas_deployment_testing/gsas_sync_staging/repo; then echo "Directory does not exist '/tmp/gsas_deployment_testing/gsas_sync_staging/repo'" 1>&2; false; fi as ldpdserv@diglib-service-prod1.cul.columbia.edu
 DEBUG [32b19db6] Command: if test ! -d /tmp/gsas_deployment_testing/gsas_sync_staging/repo; then echo "Directory does not exist '/tmp/gsas_deployment_testing/gsas_sync_staging/repo'" 1>&2; false; fi
 DEBUG [32b19db6] Finished in 0.235 seconds with exit status 0 (successful).
  INFO [d0579047] Running /usr/bin/env mkdir -p /tmp/gsas_deployment_testing/gsas_sync_staging/releases/20250703215120 as ldpdserv@diglib-service-prod1.cul.columbia.edu
 DEBUG [d0579047] Command: cd /tmp/gsas_deployment_testing/gsas_sync_staging/repo && ( export GIT_ASKPASS="/bin/echo" GIT_SSH="/tmp/git-ssh-2219674f6fd054334f45.sh" ; /usr/bin/env mkdir -p /tmp/gsas_deployment_testing/gsas_sync_staging/releases/20250703215120 )
  INFO [d0579047] Finished in 0.223 seconds with exit status 0 (successful).
  INFO [6e01b3a6] Running /usr/bin/env git archive LDPD-451 | /usr/bin/env tar -x -f - -C /tmp/gsas_deployment_testing/gsas_sync_staging/releases/20250703215120 as ldpdserv@diglib-service-prod1.cul.columbia.edu
 DEBUG [6e01b3a6] Command: cd /tmp/gsas_deployment_testing/gsas_sync_staging/repo && ( export GIT_ASKPASS="/bin/echo" GIT_SSH="/tmp/git-ssh-2219674f6fd054334f45.sh" ; /usr/bin/env git archive LDPD-451 | /usr/bin/env tar -x -f - -C /tmp/gsas_deployment_testing/gsas_sync_staging/releases/20250703215120 )
  INFO [6e01b3a6] Finished in 0.257 seconds with exit status 0 (successful).
 DEBUG [4cb7317d] Running if test ! -d /tmp/gsas_deployment_testing/gsas_sync_staging/repo; then echo "Directory does not exist '/tmp/gsas_deployment_testing/gsas_sync_staging/repo'" 1>&2; false; fi as ldpdserv@diglib-service-prod1.cul.columbia.edu
 DEBUG [4cb7317d] Command: if test ! -d /tmp/gsas_deployment_testing/gsas_sync_staging/repo; then echo "Directory does not exist '/tmp/gsas_deployment_testing/gsas_sync_staging/repo'" 1>&2; false; fi
 DEBUG [4cb7317d] Finished in 0.243 seconds with exit status 0 (successful).
 DEBUG [f4fe8c27] Running /usr/bin/env git rev-list --max-count=1 LDPD-451 as ldpdserv@diglib-service-prod1.cul.columbia.edu
 DEBUG [f4fe8c27] Command: cd /tmp/gsas_deployment_testing/gsas_sync_staging/repo && ( export GIT_ASKPASS="/bin/echo" GIT_SSH="/tmp/git-ssh-2219674f6fd054334f45.sh" ; /usr/bin/env git rev-list --max-count=1 LDPD-451 )
 DEBUG [f4fe8c27] 	5485efbe34266224b5835cfbb807f3d37ef2b03f
 DEBUG [f4fe8c27] Finished in 0.250 seconds with exit status 0 (successful).
 DEBUG [18fd4b23] Running if test ! -d /tmp/gsas_deployment_testing/gsas_sync_staging/releases/20250703215120; then echo "Directory does not exist '/tmp/gsas_deployment_testing/gsas_sync_staging/releases/20250703215120'" 1>&2; false; fi as ldpdserv@diglib-service-prod1.cul.columbia.edu
 DEBUG [18fd4b23] Command: if test ! -d /tmp/gsas_deployment_testing/gsas_sync_staging/releases/20250703215120; then echo "Directory does not exist '/tmp/gsas_deployment_testing/gsas_sync_staging/releases/20250703215120'" 1>&2; false; fi
 DEBUG [18fd4b23] Finished in 0.241 seconds with exit status 0 (successful).
  INFO [bd53634c] Running /usr/bin/env echo "5485efbe34266224b5835cfbb807f3d37ef2b03f" > REVISION as ldpdserv@diglib-service-prod1.cul.columbia.edu
 DEBUG [bd53634c] Command: cd /tmp/gsas_deployment_testing/gsas_sync_staging/releases/20250703215120 && /usr/bin/env echo "5485efbe34266224b5835cfbb807f3d37ef2b03f" > REVISION
  INFO [bd53634c] Finished in 0.216 seconds with exit status 0 (successful).
 DEBUG [6c5d668a] Running if test ! -d /tmp/gsas_deployment_testing/gsas_sync_staging/repo; then echo "Directory does not exist '/tmp/gsas_deployment_testing/gsas_sync_staging/repo'" 1>&2; false; fi as ldpdserv@diglib-service-prod1.cul.columbia.edu
 DEBUG [6c5d668a] Command: if test ! -d /tmp/gsas_deployment_testing/gsas_sync_staging/repo; then echo "Directory does not exist '/tmp/gsas_deployment_testing/gsas_sync_staging/repo'" 1>&2; false; fi
 DEBUG [6c5d668a] Finished in 0.230 seconds with exit status 0 (successful).
 DEBUG [68a491b7] Running /usr/bin/env git --no-pager log -1 --pretty=format:"%ct" LDPD-451 as ldpdserv@diglib-service-prod1.cul.columbia.edu
 DEBUG [68a491b7] Command: cd /tmp/gsas_deployment_testing/gsas_sync_staging/repo && ( export GIT_ASKPASS="/bin/echo" GIT_SSH="/tmp/git-ssh-2219674f6fd054334f45.sh" ; /usr/bin/env git --no-pager log -1 --pretty=format:"%ct" LDPD-451 )
 DEBUG [68a491b7] 	1751578022
 DEBUG [68a491b7] Finished in 0.273 seconds with exit status 0 (successful).
 DEBUG [e5a4e33d] Running if test ! -d /tmp/gsas_deployment_testing/gsas_sync_staging/releases/20250703215120; then echo "Directory does not exist '/tmp/gsas_deployment_testing/gsas_sync_staging/releases/20250703215120'" 1>&2; false; fi as ldpdserv@diglib-service-prod1.cul.columbia.edu
 DEBUG [e5a4e33d] Command: if test ! -d /tmp/gsas_deployment_testing/gsas_sync_staging/releases/20250703215120; then echo "Directory does not exist '/tmp/gsas_deployment_testing/gsas_sync_staging/releases/20250703215120'" 1>&2; false; fi
 DEBUG [e5a4e33d] Finished in 0.233 seconds with exit status 0 (successful).
  INFO [1946afa2] Running /usr/bin/env echo "1751578022" > REVISION_TIME as ldpdserv@diglib-service-prod1.cul.columbia.edu
 DEBUG [1946afa2] Command: cd /tmp/gsas_deployment_testing/gsas_sync_staging/releases/20250703215120 && /usr/bin/env echo "1751578022" > REVISION_TIME
  INFO [1946afa2] Finished in 0.227 seconds with exit status 0 (successful).
  INFO [53f8131f] Running /usr/bin/env mkdir -p /tmp/gsas_deployment_testing/gsas_sync_staging/releases/20250703215120/config as ldpdserv@diglib-service-prod1.cul.columbia.edu
 DEBUG [53f8131f] Command: /usr/bin/env mkdir -p /tmp/gsas_deployment_testing/gsas_sync_staging/releases/20250703215120/config
  INFO [53f8131f] Finished in 0.236 seconds with exit status 0 (successful).
 DEBUG [2161f18e] Running [ -L /tmp/gsas_deployment_testing/gsas_sync_staging/releases/20250703215120/config/config.yml ] as ldpdserv@diglib-service-prod1.cul.columbia.edu
 DEBUG [2161f18e] Command: [ -L /tmp/gsas_deployment_testing/gsas_sync_staging/releases/20250703215120/config/config.yml ]
 DEBUG [2161f18e] Finished in 0.238 seconds with exit status 1 (failed).
 DEBUG [37675ff1] Running [ -f /tmp/gsas_deployment_testing/gsas_sync_staging/releases/20250703215120/config/config.yml ] as ldpdserv@diglib-service-prod1.cul.columbia.edu
 DEBUG [37675ff1] Command: [ -f /tmp/gsas_deployment_testing/gsas_sync_staging/releases/20250703215120/config/config.yml ]
 DEBUG [37675ff1] Finished in 0.235 seconds with exit status 1 (failed).
  INFO [b453ff8f] Running /usr/bin/env ln -s /tmp/gsas_deployment_testing/gsas_sync_staging/shared/config/config.yml /tmp/gsas_deployment_testing/gsas_sync_staging/releases/20250703215120/config/config.yml as ldpdserv@diglib-service-prod1.cul.columbia.edu
 DEBUG [b453ff8f] Command: /usr/bin/env ln -s /tmp/gsas_deployment_testing/gsas_sync_staging/shared/config/config.yml /tmp/gsas_deployment_testing/gsas_sync_staging/releases/20250703215120/config/config.yml
  INFO [b453ff8f] Finished in 0.231 seconds with exit status 0 (successful).
  INFO [1339f3f2] Running /usr/bin/env mkdir -p /tmp/gsas_deployment_testing/gsas_sync_staging/releases/20250703215120 as ldpdserv@diglib-service-prod1.cul.columbia.edu
 DEBUG [1339f3f2] Command: /usr/bin/env mkdir -p /tmp/gsas_deployment_testing/gsas_sync_staging/releases/20250703215120
  INFO [1339f3f2] Finished in 0.259 seconds with exit status 0 (successful).
 DEBUG [5c7b209d] Running [ -L /tmp/gsas_deployment_testing/gsas_sync_staging/releases/20250703215120/.bundle ] as ldpdserv@diglib-service-prod1.cul.columbia.edu
 DEBUG [5c7b209d] Command: [ -L /tmp/gsas_deployment_testing/gsas_sync_staging/releases/20250703215120/.bundle ]
 DEBUG [5c7b209d] Finished in 0.235 seconds with exit status 1 (failed).
 DEBUG [c70e7523] Running [ -d /tmp/gsas_deployment_testing/gsas_sync_staging/releases/20250703215120/.bundle ] as ldpdserv@diglib-service-prod1.cul.columbia.edu
 DEBUG [c70e7523] Command: [ -d /tmp/gsas_deployment_testing/gsas_sync_staging/releases/20250703215120/.bundle ]
 DEBUG [c70e7523] Finished in 0.241 seconds with exit status 1 (failed).
  INFO [089a5588] Running /usr/bin/env ln -s /tmp/gsas_deployment_testing/gsas_sync_staging/shared/.bundle /tmp/gsas_deployment_testing/gsas_sync_staging/releases/20250703215120/.bundle as ldpdserv@diglib-service-prod1.cul.columbia.edu
 DEBUG [089a5588] Command: /usr/bin/env ln -s /tmp/gsas_deployment_testing/gsas_sync_staging/shared/.bundle /tmp/gsas_deployment_testing/gsas_sync_staging/releases/20250703215120/.bundle
  INFO [089a5588] Finished in 0.228 seconds with exit status 0 (successful).
 DEBUG [a83a54de] Running if test ! -d /tmp/gsas_deployment_testing/gsas_sync_staging/releases/20250703215120; then echo "Directory does not exist '/tmp/gsas_deployment_testing/gsas_sync_staging/releases/20250703215120'" 1>&2; false; fi as ldpdserv@diglib-service-prod1.cul.columbia.edu
 DEBUG [a83a54de] Command: if test ! -d /tmp/gsas_deployment_testing/gsas_sync_staging/releases/20250703215120; then echo "Directory does not exist '/tmp/gsas_deployment_testing/gsas_sync_staging/releases/20250703215120'" 1>&2; false; fi
 DEBUG [a83a54de] Finished in 0.222 seconds with exit status 0 (successful).
  INFO [761c6b06] Running /usr/bin/env bundle config --local deployment true as ldpdserv@diglib-service-prod1.cul.columbia.edu
 DEBUG [761c6b06] Command: cd /tmp/gsas_deployment_testing/gsas_sync_staging/releases/20250703215120 && /usr/bin/env bundle config --local deployment true
 DEBUG [761c6b06] 	/usr/bin/env: ‘bundle’: No such file or directory
  INFO ---------------------------------------------------------------------------
  INFO START 2025-07-03 17:53:54 -0400 cap staging deploy
  INFO ---------------------------------------------------------------------------
  INFO [8760621d] Running /usr/bin/env mkdir -p /tmp as ldpdserv@diglib-service-prod1.cul.columbia.edu
 DEBUG [8760621d] Command: /usr/bin/env mkdir -p /tmp
  INFO [8760621d] Finished in 0.678 seconds with exit status 0 (successful).
 DEBUG Uploading /tmp/git-ssh-7eda26ec20ba4ad69578.sh 0.0%
  INFO Uploading /tmp/git-ssh-7eda26ec20ba4ad69578.sh 100.0%
  INFO [4fae5f65] Running /usr/bin/env chmod 700 /tmp/git-ssh-7eda26ec20ba4ad69578.sh as ldpdserv@diglib-service-prod1.cul.columbia.edu
 DEBUG [4fae5f65] Command: /usr/bin/env chmod 700 /tmp/git-ssh-7eda26ec20ba4ad69578.sh
  INFO [4fae5f65] Finished in 0.218 seconds with exit status 0 (successful).
  INFO [70f8ac0b] Running /usr/bin/env git ls-remote git@github.com:cul/gsas_sync.git/ HEAD as ldpdserv@diglib-service-prod1.cul.columbia.edu
 DEBUG [70f8ac0b] Command: ( export GIT_ASKPASS="/bin/echo" GIT_SSH="/tmp/git-ssh-7eda26ec20ba4ad69578.sh" ; /usr/bin/env git ls-remote git@github.com:cul/gsas_sync.git/ HEAD )
 DEBUG [70f8ac0b] 	5485efbe34266224b5835cfbb807f3d37ef2b03f	HEAD
  INFO [70f8ac0b] Finished in 1.076 seconds with exit status 0 (successful).
  INFO [f72e8e9b] Running /usr/bin/env mkdir -p /tmp/gsas_deployment_testing/gsas_sync_staging/shared /tmp/gsas_deployment_testing/gsas_sync_staging/releases as ldpdserv@diglib-service-prod1.cul.columbia.edu
 DEBUG [f72e8e9b] Command: /usr/bin/env mkdir -p /tmp/gsas_deployment_testing/gsas_sync_staging/shared /tmp/gsas_deployment_testing/gsas_sync_staging/releases
  INFO [f72e8e9b] Finished in 0.233 seconds with exit status 0 (successful).
  INFO [2884e705] Running /usr/bin/env mkdir -p /tmp/gsas_deployment_testing/gsas_sync_staging/shared/.bundle as ldpdserv@diglib-service-prod1.cul.columbia.edu
 DEBUG [2884e705] Command: /usr/bin/env mkdir -p /tmp/gsas_deployment_testing/gsas_sync_staging/shared/.bundle
  INFO [2884e705] Finished in 0.239 seconds with exit status 0 (successful).
  INFO [34fb7e11] Running /usr/bin/env mkdir -p /tmp/gsas_deployment_testing/gsas_sync_staging/shared/config as ldpdserv@diglib-service-prod1.cul.columbia.edu
 DEBUG [34fb7e11] Command: /usr/bin/env mkdir -p /tmp/gsas_deployment_testing/gsas_sync_staging/shared/config
  INFO [34fb7e11] Finished in 0.217 seconds with exit status 0 (successful).
 DEBUG [7669e97d] Running [ -f /tmp/gsas_deployment_testing/gsas_sync_staging/shared/config/config.yml ] as ldpdserv@diglib-service-prod1.cul.columbia.edu
 DEBUG [7669e97d] Command: [ -f /tmp/gsas_deployment_testing/gsas_sync_staging/shared/config/config.yml ]
 DEBUG [7669e97d] Finished in 0.215 seconds with exit status 0 (successful).
 DEBUG [0f1e6a83] Running [ -f /tmp/gsas_deployment_testing/gsas_sync_staging/current/REVISION ] as ldpdserv@diglib-service-prod1.cul.columbia.edu
 DEBUG [0f1e6a83] Command: [ -f /tmp/gsas_deployment_testing/gsas_sync_staging/current/REVISION ]
 DEBUG [0f1e6a83] Finished in 0.216 seconds with exit status 0 (successful).
 DEBUG [8a6f6413] Running /usr/bin/env cat /tmp/gsas_deployment_testing/gsas_sync_staging/current/REVISION 2>/dev/null as ldpdserv@diglib-service-prod1.cul.columbia.edu
 DEBUG [8a6f6413] Command: /usr/bin/env cat /tmp/gsas_deployment_testing/gsas_sync_staging/current/REVISION 2>/dev/null
 DEBUG [8a6f6413] 	5485efbe34266224b5835cfbb807f3d37ef2b03f
 DEBUG [8a6f6413] Finished in 0.229 seconds with exit status 0 (successful).
 DEBUG [1d2f5946] Running [ -f /tmp/gsas_deployment_testing/gsas_sync_staging/current/REVISION_TIME ] as ldpdserv@diglib-service-prod1.cul.columbia.edu
 DEBUG [1d2f5946] Command: [ -f /tmp/gsas_deployment_testing/gsas_sync_staging/current/REVISION_TIME ]
 DEBUG [1d2f5946] Finished in 0.224 seconds with exit status 0 (successful).
 DEBUG [1edbc1bd] Running /usr/bin/env cat /tmp/gsas_deployment_testing/gsas_sync_staging/current/REVISION_TIME 2>/dev/null as ldpdserv@diglib-service-prod1.cul.columbia.edu
 DEBUG [1edbc1bd] Command: /usr/bin/env cat /tmp/gsas_deployment_testing/gsas_sync_staging/current/REVISION_TIME 2>/dev/null
 DEBUG [1edbc1bd] 	1751578022
 DEBUG [1edbc1bd] Finished in 0.231 seconds with exit status 0 (successful).
 DEBUG [b6941b37] Running [ -f /tmp/gsas_deployment_testing/gsas_sync_staging/repo/HEAD ] as ldpdserv@diglib-service-prod1.cul.columbia.edu
 DEBUG [b6941b37] Command: [ -f /tmp/gsas_deployment_testing/gsas_sync_staging/repo/HEAD ]
 DEBUG [b6941b37] Finished in 0.231 seconds with exit status 0 (successful).
  INFO The repository mirror is at /tmp/gsas_deployment_testing/gsas_sync_staging/repo
 DEBUG [4837d3c9] Running if test ! -d /tmp/gsas_deployment_testing/gsas_sync_staging/repo; then echo "Directory does not exist '/tmp/gsas_deployment_testing/gsas_sync_staging/repo'" 1>&2; false; fi as ldpdserv@diglib-service-prod1.cul.columbia.edu
 DEBUG [4837d3c9] Command: if test ! -d /tmp/gsas_deployment_testing/gsas_sync_staging/repo; then echo "Directory does not exist '/tmp/gsas_deployment_testing/gsas_sync_staging/repo'" 1>&2; false; fi
 DEBUG [4837d3c9] Finished in 0.213 seconds with exit status 0 (successful).
  INFO [74e07012] Running /usr/bin/env git remote set-url origin git@github.com:cul/gsas_sync.git/ as ldpdserv@diglib-service-prod1.cul.columbia.edu
 DEBUG [74e07012] Command: cd /tmp/gsas_deployment_testing/gsas_sync_staging/repo && ( export GIT_ASKPASS="/bin/echo" GIT_SSH="/tmp/git-ssh-7eda26ec20ba4ad69578.sh" ; /usr/bin/env git remote set-url origin git@github.com:cul/gsas_sync.git/ )
  INFO [74e07012] Finished in 0.219 seconds with exit status 0 (successful).
  INFO [d1d35fcc] Running /usr/bin/env git remote update --prune as ldpdserv@diglib-service-prod1.cul.columbia.edu
 DEBUG [d1d35fcc] Command: cd /tmp/gsas_deployment_testing/gsas_sync_staging/repo && ( export GIT_ASKPASS="/bin/echo" GIT_SSH="/tmp/git-ssh-7eda26ec20ba4ad69578.sh" ; /usr/bin/env git remote update --prune )
  INFO [d1d35fcc] Finished in 0.962 seconds with exit status 0 (successful).
 DEBUG [98b52f45] Running if test ! -d /tmp/gsas_deployment_testing/gsas_sync_staging/repo; then echo "Directory does not exist '/tmp/gsas_deployment_testing/gsas_sync_staging/repo'" 1>&2; false; fi as ldpdserv@diglib-service-prod1.cul.columbia.edu
 DEBUG [98b52f45] Command: if test ! -d /tmp/gsas_deployment_testing/gsas_sync_staging/repo; then echo "Directory does not exist '/tmp/gsas_deployment_testing/gsas_sync_staging/repo'" 1>&2; false; fi
 DEBUG [98b52f45] Finished in 0.214 seconds with exit status 0 (successful).
  INFO [ea195db5] Running /usr/bin/env mkdir -p /tmp/gsas_deployment_testing/gsas_sync_staging/releases/20250703215358 as ldpdserv@diglib-service-prod1.cul.columbia.edu
 DEBUG [ea195db5] Command: cd /tmp/gsas_deployment_testing/gsas_sync_staging/repo && ( export GIT_ASKPASS="/bin/echo" GIT_SSH="/tmp/git-ssh-7eda26ec20ba4ad69578.sh" ; /usr/bin/env mkdir -p /tmp/gsas_deployment_testing/gsas_sync_staging/releases/20250703215358 )
  INFO [ea195db5] Finished in 0.225 seconds with exit status 0 (successful).
  INFO [0b65b1f3] Running /usr/bin/env git archive LDPD-451 | /usr/bin/env tar -x -f - -C /tmp/gsas_deployment_testing/gsas_sync_staging/releases/20250703215358 as ldpdserv@diglib-service-prod1.cul.columbia.edu
 DEBUG [0b65b1f3] Command: cd /tmp/gsas_deployment_testing/gsas_sync_staging/repo && ( export GIT_ASKPASS="/bin/echo" GIT_SSH="/tmp/git-ssh-7eda26ec20ba4ad69578.sh" ; /usr/bin/env git archive LDPD-451 | /usr/bin/env tar -x -f - -C /tmp/gsas_deployment_testing/gsas_sync_staging/releases/20250703215358 )
  INFO [0b65b1f3] Finished in 0.216 seconds with exit status 0 (successful).
 DEBUG [5ba10595] Running if test ! -d /tmp/gsas_deployment_testing/gsas_sync_staging/repo; then echo "Directory does not exist '/tmp/gsas_deployment_testing/gsas_sync_staging/repo'" 1>&2; false; fi as ldpdserv@diglib-service-prod1.cul.columbia.edu
 DEBUG [5ba10595] Command: if test ! -d /tmp/gsas_deployment_testing/gsas_sync_staging/repo; then echo "Directory does not exist '/tmp/gsas_deployment_testing/gsas_sync_staging/repo'" 1>&2; false; fi
 DEBUG [5ba10595] Finished in 0.234 seconds with exit status 0 (successful).
 DEBUG [160e44a2] Running /usr/bin/env git rev-list --max-count=1 LDPD-451 as ldpdserv@diglib-service-prod1.cul.columbia.edu
 DEBUG [160e44a2] Command: cd /tmp/gsas_deployment_testing/gsas_sync_staging/repo && ( export GIT_ASKPASS="/bin/echo" GIT_SSH="/tmp/git-ssh-7eda26ec20ba4ad69578.sh" ; /usr/bin/env git rev-list --max-count=1 LDPD-451 )
 DEBUG [160e44a2] 	5485efbe34266224b5835cfbb807f3d37ef2b03f
 DEBUG [160e44a2] Finished in 0.264 seconds with exit status 0 (successful).
 DEBUG [fa2365b7] Running if test ! -d /tmp/gsas_deployment_testing/gsas_sync_staging/releases/20250703215358; then echo "Directory does not exist '/tmp/gsas_deployment_testing/gsas_sync_staging/releases/20250703215358'" 1>&2; false; fi as ldpdserv@diglib-service-prod1.cul.columbia.edu
 DEBUG [fa2365b7] Command: if test ! -d /tmp/gsas_deployment_testing/gsas_sync_staging/releases/20250703215358; then echo "Directory does not exist '/tmp/gsas_deployment_testing/gsas_sync_staging/releases/20250703215358'" 1>&2; false; fi
 DEBUG [fa2365b7] Finished in 0.263 seconds with exit status 0 (successful).
  INFO [ec3785ac] Running /usr/bin/env echo "5485efbe34266224b5835cfbb807f3d37ef2b03f" > REVISION as ldpdserv@diglib-service-prod1.cul.columbia.edu
 DEBUG [ec3785ac] Command: cd /tmp/gsas_deployment_testing/gsas_sync_staging/releases/20250703215358 && /usr/bin/env echo "5485efbe34266224b5835cfbb807f3d37ef2b03f" > REVISION
  INFO [ec3785ac] Finished in 0.250 seconds with exit status 0 (successful).
 DEBUG [724fbca5] Running if test ! -d /tmp/gsas_deployment_testing/gsas_sync_staging/repo; then echo "Directory does not exist '/tmp/gsas_deployment_testing/gsas_sync_staging/repo'" 1>&2; false; fi as ldpdserv@diglib-service-prod1.cul.columbia.edu
 DEBUG [724fbca5] Command: if test ! -d /tmp/gsas_deployment_testing/gsas_sync_staging/repo; then echo "Directory does not exist '/tmp/gsas_deployment_testing/gsas_sync_staging/repo'" 1>&2; false; fi
 DEBUG [724fbca5] Finished in 0.258 seconds with exit status 0 (successful).
 DEBUG [815620cd] Running /usr/bin/env git --no-pager log -1 --pretty=format:"%ct" LDPD-451 as ldpdserv@diglib-service-prod1.cul.columbia.edu
 DEBUG [815620cd] Command: cd /tmp/gsas_deployment_testing/gsas_sync_staging/repo && ( export GIT_ASKPASS="/bin/echo" GIT_SSH="/tmp/git-ssh-7eda26ec20ba4ad69578.sh" ; /usr/bin/env git --no-pager log -1 --pretty=format:"%ct" LDPD-451 )
 DEBUG [815620cd] 	1751578022
 DEBUG [815620cd] Finished in 0.274 seconds with exit status 0 (successful).
 DEBUG [97cfbe9f] Running if test ! -d /tmp/gsas_deployment_testing/gsas_sync_staging/releases/20250703215358; then echo "Directory does not exist '/tmp/gsas_deployment_testing/gsas_sync_staging/releases/20250703215358'" 1>&2; false; fi as ldpdserv@diglib-service-prod1.cul.columbia.edu
 DEBUG [97cfbe9f] Command: if test ! -d /tmp/gsas_deployment_testing/gsas_sync_staging/releases/20250703215358; then echo "Directory does not exist '/tmp/gsas_deployment_testing/gsas_sync_staging/releases/20250703215358'" 1>&2; false; fi
 DEBUG [97cfbe9f] Finished in 0.251 seconds with exit status 0 (successful).
  INFO [bba0e14c] Running /usr/bin/env echo "1751578022" > REVISION_TIME as ldpdserv@diglib-service-prod1.cul.columbia.edu
 DEBUG [bba0e14c] Command: cd /tmp/gsas_deployment_testing/gsas_sync_staging/releases/20250703215358 && /usr/bin/env echo "1751578022" > REVISION_TIME
  INFO [bba0e14c] Finished in 0.240 seconds with exit status 0 (successful).
  INFO [ef6dfcd0] Running /usr/bin/env mkdir -p /tmp/gsas_deployment_testing/gsas_sync_staging/releases/20250703215358/config as ldpdserv@diglib-service-prod1.cul.columbia.edu
 DEBUG [ef6dfcd0] Command: /usr/bin/env mkdir -p /tmp/gsas_deployment_testing/gsas_sync_staging/releases/20250703215358/config
  INFO [ef6dfcd0] Finished in 0.228 seconds with exit status 0 (successful).
 DEBUG [f007932a] Running [ -L /tmp/gsas_deployment_testing/gsas_sync_staging/releases/20250703215358/config/config.yml ] as ldpdserv@diglib-service-prod1.cul.columbia.edu
 DEBUG [f007932a] Command: [ -L /tmp/gsas_deployment_testing/gsas_sync_staging/releases/20250703215358/config/config.yml ]
 DEBUG [f007932a] Finished in 0.226 seconds with exit status 1 (failed).
 DEBUG [17334bc3] Running [ -f /tmp/gsas_deployment_testing/gsas_sync_staging/releases/20250703215358/config/config.yml ] as ldpdserv@diglib-service-prod1.cul.columbia.edu
 DEBUG [17334bc3] Command: [ -f /tmp/gsas_deployment_testing/gsas_sync_staging/releases/20250703215358/config/config.yml ]
 DEBUG [17334bc3] Finished in 0.213 seconds with exit status 1 (failed).
  INFO [a135d61c] Running /usr/bin/env ln -s /tmp/gsas_deployment_testing/gsas_sync_staging/shared/config/config.yml /tmp/gsas_deployment_testing/gsas_sync_staging/releases/20250703215358/config/config.yml as ldpdserv@diglib-service-prod1.cul.columbia.edu
 DEBUG [a135d61c] Command: /usr/bin/env ln -s /tmp/gsas_deployment_testing/gsas_sync_staging/shared/config/config.yml /tmp/gsas_deployment_testing/gsas_sync_staging/releases/20250703215358/config/config.yml
  INFO [a135d61c] Finished in 0.208 seconds with exit status 0 (successful).
  INFO [590979fc] Running /usr/bin/env mkdir -p /tmp/gsas_deployment_testing/gsas_sync_staging/releases/20250703215358 as ldpdserv@diglib-service-prod1.cul.columbia.edu
 DEBUG [590979fc] Command: /usr/bin/env mkdir -p /tmp/gsas_deployment_testing/gsas_sync_staging/releases/20250703215358
  INFO [590979fc] Finished in 0.217 seconds with exit status 0 (successful).
 DEBUG [dc0a84d9] Running [ -L /tmp/gsas_deployment_testing/gsas_sync_staging/releases/20250703215358/.bundle ] as ldpdserv@diglib-service-prod1.cul.columbia.edu
 DEBUG [dc0a84d9] Command: [ -L /tmp/gsas_deployment_testing/gsas_sync_staging/releases/20250703215358/.bundle ]
 DEBUG [dc0a84d9] Finished in 0.220 seconds with exit status 1 (failed).
 DEBUG [1c82ef0a] Running [ -d /tmp/gsas_deployment_testing/gsas_sync_staging/releases/20250703215358/.bundle ] as ldpdserv@diglib-service-prod1.cul.columbia.edu
 DEBUG [1c82ef0a] Command: [ -d /tmp/gsas_deployment_testing/gsas_sync_staging/releases/20250703215358/.bundle ]
 DEBUG [1c82ef0a] Finished in 0.218 seconds with exit status 1 (failed).
  INFO [5577f940] Running /usr/bin/env ln -s /tmp/gsas_deployment_testing/gsas_sync_staging/shared/.bundle /tmp/gsas_deployment_testing/gsas_sync_staging/releases/20250703215358/.bundle as ldpdserv@diglib-service-prod1.cul.columbia.edu
 DEBUG [5577f940] Command: /usr/bin/env ln -s /tmp/gsas_deployment_testing/gsas_sync_staging/shared/.bundle /tmp/gsas_deployment_testing/gsas_sync_staging/releases/20250703215358/.bundle
  INFO [5577f940] Finished in 0.208 seconds with exit status 0 (successful).
 DEBUG [e5558da0] Running if test ! -d /tmp/gsas_deployment_testing/gsas_sync_staging/releases/20250703215358; then echo "Directory does not exist '/tmp/gsas_deployment_testing/gsas_sync_staging/releases/20250703215358'" 1>&2; false; fi as ldpdserv@diglib-service-prod1.cul.columbia.edu
 DEBUG [e5558da0] Command: if test ! -d /tmp/gsas_deployment_testing/gsas_sync_staging/releases/20250703215358; then echo "Directory does not exist '/tmp/gsas_deployment_testing/gsas_sync_staging/releases/20250703215358'" 1>&2; false; fi
 DEBUG [e5558da0] Finished in 0.222 seconds with exit status 0 (successful).
  INFO [e45b97aa] Running ~/.rvm-alma8/bin/rvm gsas_sync_staging do bundle config --local deployment true as ldpdserv@diglib-service-prod1.cul.columbia.edu
 DEBUG [e45b97aa] Command: cd /tmp/gsas_deployment_testing/gsas_sync_staging/releases/20250703215358 && ~/.rvm-alma8/bin/rvm gsas_sync_staging do bundle config --local deployment true
 DEBUG [e45b97aa] 	Run `rvm help` to see usage information
 DEBUG [e45b97aa] 	Unrecognized command line argument: gsas_sync_staging
  INFO ---------------------------------------------------------------------------
  INFO START 2025-07-03 17:55:20 -0400 cap staging deploy
  INFO ---------------------------------------------------------------------------
  INFO [960b6963] Running /usr/bin/env mkdir -p /tmp as ldpdserv@diglib-service-prod1.cul.columbia.edu
 DEBUG [960b6963] Command: /usr/bin/env mkdir -p /tmp
  INFO [960b6963] Finished in 0.878 seconds with exit status 0 (successful).
 DEBUG Uploading /tmp/git-ssh-261711ee4903c09b09b8.sh 0.0%
  INFO Uploading /tmp/git-ssh-261711ee4903c09b09b8.sh 100.0%
  INFO [8876b970] Running /usr/bin/env chmod 700 /tmp/git-ssh-261711ee4903c09b09b8.sh as ldpdserv@diglib-service-prod1.cul.columbia.edu
 DEBUG [8876b970] Command: /usr/bin/env chmod 700 /tmp/git-ssh-261711ee4903c09b09b8.sh
  INFO [8876b970] Finished in 0.374 seconds with exit status 0 (successful).
  INFO [2745ba46] Running /usr/bin/env git ls-remote git@github.com:cul/gsas_sync.git/ HEAD as ldpdserv@diglib-service-prod1.cul.columbia.edu
 DEBUG [2745ba46] Command: ( export GIT_ASKPASS="/bin/echo" GIT_SSH="/tmp/git-ssh-261711ee4903c09b09b8.sh" ; /usr/bin/env git ls-remote git@github.com:cul/gsas_sync.git/ HEAD )
 DEBUG [2745ba46] 	5485efbe34266224b5835cfbb807f3d37ef2b03f	HEAD
  INFO [2745ba46] Finished in 1.369 seconds with exit status 0 (successful).
  INFO [d2d09abb] Running /usr/bin/env mkdir -p /tmp/gsas_deployment_testing/gsas_sync_staging/shared /tmp/gsas_deployment_testing/gsas_sync_staging/releases as ldpdserv@diglib-service-prod1.cul.columbia.edu
 DEBUG [d2d09abb] Command: /usr/bin/env mkdir -p /tmp/gsas_deployment_testing/gsas_sync_staging/shared /tmp/gsas_deployment_testing/gsas_sync_staging/releases
  INFO [d2d09abb] Finished in 0.368 seconds with exit status 0 (successful).
  INFO [d8f8f8d5] Running /usr/bin/env mkdir -p /tmp/gsas_deployment_testing/gsas_sync_staging/shared/.bundle as ldpdserv@diglib-service-prod1.cul.columbia.edu
 DEBUG [d8f8f8d5] Command: /usr/bin/env mkdir -p /tmp/gsas_deployment_testing/gsas_sync_staging/shared/.bundle
  INFO [d8f8f8d5] Finished in 0.388 seconds with exit status 0 (successful).
  INFO [ece9142b] Running /usr/bin/env mkdir -p /tmp/gsas_deployment_testing/gsas_sync_staging/shared/config as ldpdserv@diglib-service-prod1.cul.columbia.edu
 DEBUG [ece9142b] Command: /usr/bin/env mkdir -p /tmp/gsas_deployment_testing/gsas_sync_staging/shared/config
  INFO [ece9142b] Finished in 0.400 seconds with exit status 0 (successful).
 DEBUG [ca2ee142] Running [ -f /tmp/gsas_deployment_testing/gsas_sync_staging/shared/config/config.yml ] as ldpdserv@diglib-service-prod1.cul.columbia.edu
 DEBUG [ca2ee142] Command: [ -f /tmp/gsas_deployment_testing/gsas_sync_staging/shared/config/config.yml ]
 DEBUG [ca2ee142] Finished in 0.377 seconds with exit status 0 (successful).
 DEBUG [a6ee17a7] Running [ -f /tmp/gsas_deployment_testing/gsas_sync_staging/current/REVISION ] as ldpdserv@diglib-service-prod1.cul.columbia.edu
 DEBUG [a6ee17a7] Command: [ -f /tmp/gsas_deployment_testing/gsas_sync_staging/current/REVISION ]
 DEBUG [a6ee17a7] Finished in 0.344 seconds with exit status 0 (successful).
 DEBUG [0c1cac5e] Running /usr/bin/env cat /tmp/gsas_deployment_testing/gsas_sync_staging/current/REVISION 2>/dev/null as ldpdserv@diglib-service-prod1.cul.columbia.edu
 DEBUG [0c1cac5e] Command: /usr/bin/env cat /tmp/gsas_deployment_testing/gsas_sync_staging/current/REVISION 2>/dev/null
 DEBUG [0c1cac5e] 	5485efbe34266224b5835cfbb807f3d37ef2b03f
 DEBUG [0c1cac5e] Finished in 0.371 seconds with exit status 0 (successful).
 DEBUG [b1277957] Running [ -f /tmp/gsas_deployment_testing/gsas_sync_staging/current/REVISION_TIME ] as ldpdserv@diglib-service-prod1.cul.columbia.edu
 DEBUG [b1277957] Command: [ -f /tmp/gsas_deployment_testing/gsas_sync_staging/current/REVISION_TIME ]
 DEBUG [b1277957] Finished in 0.370 seconds with exit status 0 (successful).
 DEBUG [568f1262] Running /usr/bin/env cat /tmp/gsas_deployment_testing/gsas_sync_staging/current/REVISION_TIME 2>/dev/null as ldpdserv@diglib-service-prod1.cul.columbia.edu
 DEBUG [568f1262] Command: /usr/bin/env cat /tmp/gsas_deployment_testing/gsas_sync_staging/current/REVISION_TIME 2>/dev/null
 DEBUG [568f1262] 	1751578022
 DEBUG [568f1262] Finished in 0.437 seconds with exit status 0 (successful).
 DEBUG [5b0f6b75] Running [ -f /tmp/gsas_deployment_testing/gsas_sync_staging/repo/HEAD ] as ldpdserv@diglib-service-prod1.cul.columbia.edu
 DEBUG [5b0f6b75] Command: [ -f /tmp/gsas_deployment_testing/gsas_sync_staging/repo/HEAD ]
 DEBUG [5b0f6b75] Finished in 0.376 seconds with exit status 0 (successful).
  INFO The repository mirror is at /tmp/gsas_deployment_testing/gsas_sync_staging/repo
 DEBUG [e8e0b0af] Running if test ! -d /tmp/gsas_deployment_testing/gsas_sync_staging/repo; then echo "Directory does not exist '/tmp/gsas_deployment_testing/gsas_sync_staging/repo'" 1>&2; false; fi as ldpdserv@diglib-service-prod1.cul.columbia.edu
 DEBUG [e8e0b0af] Command: if test ! -d /tmp/gsas_deployment_testing/gsas_sync_staging/repo; then echo "Directory does not exist '/tmp/gsas_deployment_testing/gsas_sync_staging/repo'" 1>&2; false; fi
 DEBUG [e8e0b0af] Finished in 0.378 seconds with exit status 0 (successful).
  INFO [dbc9e289] Running /usr/bin/env git remote set-url origin git@github.com:cul/gsas_sync.git/ as ldpdserv@diglib-service-prod1.cul.columbia.edu
 DEBUG [dbc9e289] Command: cd /tmp/gsas_deployment_testing/gsas_sync_staging/repo && ( export GIT_ASKPASS="/bin/echo" GIT_SSH="/tmp/git-ssh-261711ee4903c09b09b8.sh" ; /usr/bin/env git remote set-url origin git@github.com:cul/gsas_sync.git/ )
  INFO [dbc9e289] Finished in 0.373 seconds with exit status 0 (successful).
  INFO [40991508] Running /usr/bin/env git remote update --prune as ldpdserv@diglib-service-prod1.cul.columbia.edu
 DEBUG [40991508] Command: cd /tmp/gsas_deployment_testing/gsas_sync_staging/repo && ( export GIT_ASKPASS="/bin/echo" GIT_SSH="/tmp/git-ssh-261711ee4903c09b09b8.sh" ; /usr/bin/env git remote update --prune )
  INFO [40991508] Finished in 1.317 seconds with exit status 0 (successful).
 DEBUG [af9f826f] Running if test ! -d /tmp/gsas_deployment_testing/gsas_sync_staging/repo; then echo "Directory does not exist '/tmp/gsas_deployment_testing/gsas_sync_staging/repo'" 1>&2; false; fi as ldpdserv@diglib-service-prod1.cul.columbia.edu
 DEBUG [af9f826f] Command: if test ! -d /tmp/gsas_deployment_testing/gsas_sync_staging/repo; then echo "Directory does not exist '/tmp/gsas_deployment_testing/gsas_sync_staging/repo'" 1>&2; false; fi
 DEBUG [af9f826f] Finished in 0.426 seconds with exit status 0 (successful).
  INFO [d53772d2] Running /usr/bin/env mkdir -p /tmp/gsas_deployment_testing/gsas_sync_staging/releases/20250703215526 as ldpdserv@diglib-service-prod1.cul.columbia.edu
 DEBUG [d53772d2] Command: cd /tmp/gsas_deployment_testing/gsas_sync_staging/repo && ( export GIT_ASKPASS="/bin/echo" GIT_SSH="/tmp/git-ssh-261711ee4903c09b09b8.sh" ; /usr/bin/env mkdir -p /tmp/gsas_deployment_testing/gsas_sync_staging/releases/20250703215526 )
  INFO [d53772d2] Finished in 0.393 seconds with exit status 0 (successful).
  INFO [f40ca67f] Running /usr/bin/env git archive LDPD-451 | /usr/bin/env tar -x -f - -C /tmp/gsas_deployment_testing/gsas_sync_staging/releases/20250703215526 as ldpdserv@diglib-service-prod1.cul.columbia.edu
 DEBUG [f40ca67f] Command: cd /tmp/gsas_deployment_testing/gsas_sync_staging/repo && ( export GIT_ASKPASS="/bin/echo" GIT_SSH="/tmp/git-ssh-261711ee4903c09b09b8.sh" ; /usr/bin/env git archive LDPD-451 | /usr/bin/env tar -x -f - -C /tmp/gsas_deployment_testing/gsas_sync_staging/releases/20250703215526 )
  INFO [f40ca67f] Finished in 0.386 seconds with exit status 0 (successful).
 DEBUG [d416d30d] Running if test ! -d /tmp/gsas_deployment_testing/gsas_sync_staging/repo; then echo "Directory does not exist '/tmp/gsas_deployment_testing/gsas_sync_staging/repo'" 1>&2; false; fi as ldpdserv@diglib-service-prod1.cul.columbia.edu
 DEBUG [d416d30d] Command: if test ! -d /tmp/gsas_deployment_testing/gsas_sync_staging/repo; then echo "Directory does not exist '/tmp/gsas_deployment_testing/gsas_sync_staging/repo'" 1>&2; false; fi
 DEBUG [d416d30d] Finished in 0.378 seconds with exit status 0 (successful).
 DEBUG [c7b401b6] Running /usr/bin/env git rev-list --max-count=1 LDPD-451 as ldpdserv@diglib-service-prod1.cul.columbia.edu
 DEBUG [c7b401b6] Command: cd /tmp/gsas_deployment_testing/gsas_sync_staging/repo && ( export GIT_ASKPASS="/bin/echo" GIT_SSH="/tmp/git-ssh-261711ee4903c09b09b8.sh" ; /usr/bin/env git rev-list --max-count=1 LDPD-451 )
 DEBUG [c7b401b6] 	5485efbe34266224b5835cfbb807f3d37ef2b03f
 DEBUG [c7b401b6] Finished in 0.388 seconds with exit status 0 (successful).
 DEBUG [39b1229d] Running if test ! -d /tmp/gsas_deployment_testing/gsas_sync_staging/releases/20250703215526; then echo "Directory does not exist '/tmp/gsas_deployment_testing/gsas_sync_staging/releases/20250703215526'" 1>&2; false; fi as ldpdserv@diglib-service-prod1.cul.columbia.edu
 DEBUG [39b1229d] Command: if test ! -d /tmp/gsas_deployment_testing/gsas_sync_staging/releases/20250703215526; then echo "Directory does not exist '/tmp/gsas_deployment_testing/gsas_sync_staging/releases/20250703215526'" 1>&2; false; fi
 DEBUG [39b1229d] Finished in 0.408 seconds with exit status 0 (successful).
  INFO [3cfeac82] Running /usr/bin/env echo "5485efbe34266224b5835cfbb807f3d37ef2b03f" > REVISION as ldpdserv@diglib-service-prod1.cul.columbia.edu
 DEBUG [3cfeac82] Command: cd /tmp/gsas_deployment_testing/gsas_sync_staging/releases/20250703215526 && /usr/bin/env echo "5485efbe34266224b5835cfbb807f3d37ef2b03f" > REVISION
  INFO [3cfeac82] Finished in 0.386 seconds with exit status 0 (successful).
 DEBUG [2306b32e] Running if test ! -d /tmp/gsas_deployment_testing/gsas_sync_staging/repo; then echo "Directory does not exist '/tmp/gsas_deployment_testing/gsas_sync_staging/repo'" 1>&2; false; fi as ldpdserv@diglib-service-prod1.cul.columbia.edu
 DEBUG [2306b32e] Command: if test ! -d /tmp/gsas_deployment_testing/gsas_sync_staging/repo; then echo "Directory does not exist '/tmp/gsas_deployment_testing/gsas_sync_staging/repo'" 1>&2; false; fi
 DEBUG [2306b32e] Finished in 0.396 seconds with exit status 0 (successful).
 DEBUG [b9367c87] Running /usr/bin/env git --no-pager log -1 --pretty=format:"%ct" LDPD-451 as ldpdserv@diglib-service-prod1.cul.columbia.edu
 DEBUG [b9367c87] Command: cd /tmp/gsas_deployment_testing/gsas_sync_staging/repo && ( export GIT_ASKPASS="/bin/echo" GIT_SSH="/tmp/git-ssh-261711ee4903c09b09b8.sh" ; /usr/bin/env git --no-pager log -1 --pretty=format:"%ct" LDPD-451 )
 DEBUG [b9367c87] 	1751578022
 DEBUG [b9367c87] Finished in 0.427 seconds with exit status 0 (successful).
 DEBUG [b5951211] Running if test ! -d /tmp/gsas_deployment_testing/gsas_sync_staging/releases/20250703215526; then echo "Directory does not exist '/tmp/gsas_deployment_testing/gsas_sync_staging/releases/20250703215526'" 1>&2; false; fi as ldpdserv@diglib-service-prod1.cul.columbia.edu
 DEBUG [b5951211] Command: if test ! -d /tmp/gsas_deployment_testing/gsas_sync_staging/releases/20250703215526; then echo "Directory does not exist '/tmp/gsas_deployment_testing/gsas_sync_staging/releases/20250703215526'" 1>&2; false; fi
 DEBUG [b5951211] Finished in 0.368 seconds with exit status 0 (successful).
  INFO [8354bddd] Running /usr/bin/env echo "1751578022" > REVISION_TIME as ldpdserv@diglib-service-prod1.cul.columbia.edu
 DEBUG [8354bddd] Command: cd /tmp/gsas_deployment_testing/gsas_sync_staging/releases/20250703215526 && /usr/bin/env echo "1751578022" > REVISION_TIME
  INFO [8354bddd] Finished in 0.360 seconds with exit status 0 (successful).
  INFO [79670b5b] Running /usr/bin/env mkdir -p /tmp/gsas_deployment_testing/gsas_sync_staging/releases/20250703215526/config as ldpdserv@diglib-service-prod1.cul.columbia.edu
 DEBUG [79670b5b] Command: /usr/bin/env mkdir -p /tmp/gsas_deployment_testing/gsas_sync_staging/releases/20250703215526/config
  INFO [79670b5b] Finished in 0.375 seconds with exit status 0 (successful).
 DEBUG [933ad980] Running [ -L /tmp/gsas_deployment_testing/gsas_sync_staging/releases/20250703215526/config/config.yml ] as ldpdserv@diglib-service-prod1.cul.columbia.edu
 DEBUG [933ad980] Command: [ -L /tmp/gsas_deployment_testing/gsas_sync_staging/releases/20250703215526/config/config.yml ]
 DEBUG [933ad980] Finished in 0.413 seconds with exit status 1 (failed).
 DEBUG [59157b36] Running [ -f /tmp/gsas_deployment_testing/gsas_sync_staging/releases/20250703215526/config/config.yml ] as ldpdserv@diglib-service-prod1.cul.columbia.edu
 DEBUG [59157b36] Command: [ -f /tmp/gsas_deployment_testing/gsas_sync_staging/releases/20250703215526/config/config.yml ]
 DEBUG [59157b36] Finished in 0.390 seconds with exit status 1 (failed).
  INFO [d0a48e93] Running /usr/bin/env ln -s /tmp/gsas_deployment_testing/gsas_sync_staging/shared/config/config.yml /tmp/gsas_deployment_testing/gsas_sync_staging/releases/20250703215526/config/config.yml as ldpdserv@diglib-service-prod1.cul.columbia.edu
 DEBUG [d0a48e93] Command: /usr/bin/env ln -s /tmp/gsas_deployment_testing/gsas_sync_staging/shared/config/config.yml /tmp/gsas_deployment_testing/gsas_sync_staging/releases/20250703215526/config/config.yml
  INFO [d0a48e93] Finished in 0.403 seconds with exit status 0 (successful).
  INFO [69701189] Running /usr/bin/env mkdir -p /tmp/gsas_deployment_testing/gsas_sync_staging/releases/20250703215526 as ldpdserv@diglib-service-prod1.cul.columbia.edu
 DEBUG [69701189] Command: /usr/bin/env mkdir -p /tmp/gsas_deployment_testing/gsas_sync_staging/releases/20250703215526
  INFO [69701189] Finished in 0.408 seconds with exit status 0 (successful).
 DEBUG [7cdf36d5] Running [ -L /tmp/gsas_deployment_testing/gsas_sync_staging/releases/20250703215526/.bundle ] as ldpdserv@diglib-service-prod1.cul.columbia.edu
 DEBUG [7cdf36d5] Command: [ -L /tmp/gsas_deployment_testing/gsas_sync_staging/releases/20250703215526/.bundle ]
 DEBUG [7cdf36d5] Finished in 0.399 seconds with exit status 1 (failed).
 DEBUG [fc8146a5] Running [ -d /tmp/gsas_deployment_testing/gsas_sync_staging/releases/20250703215526/.bundle ] as ldpdserv@diglib-service-prod1.cul.columbia.edu
 DEBUG [fc8146a5] Command: [ -d /tmp/gsas_deployment_testing/gsas_sync_staging/releases/20250703215526/.bundle ]
 DEBUG [fc8146a5] Finished in 0.376 seconds with exit status 1 (failed).
  INFO [e26f88a0] Running /usr/bin/env ln -s /tmp/gsas_deployment_testing/gsas_sync_staging/shared/.bundle /tmp/gsas_deployment_testing/gsas_sync_staging/releases/20250703215526/.bundle as ldpdserv@diglib-service-prod1.cul.columbia.edu
 DEBUG [e26f88a0] Command: /usr/bin/env ln -s /tmp/gsas_deployment_testing/gsas_sync_staging/shared/.bundle /tmp/gsas_deployment_testing/gsas_sync_staging/releases/20250703215526/.bundle
  INFO [e26f88a0] Finished in 0.337 seconds with exit status 0 (successful).
 DEBUG [b75e37fd] Running if test ! -d /tmp/gsas_deployment_testing/gsas_sync_staging/releases/20250703215526; then echo "Directory does not exist '/tmp/gsas_deployment_testing/gsas_sync_staging/releases/20250703215526'" 1>&2; false; fi as ldpdserv@diglib-service-prod1.cul.columbia.edu
 DEBUG [b75e37fd] Command: if test ! -d /tmp/gsas_deployment_testing/gsas_sync_staging/releases/20250703215526; then echo "Directory does not exist '/tmp/gsas_deployment_testing/gsas_sync_staging/releases/20250703215526'" 1>&2; false; fi
 DEBUG [b75e37fd] Finished in 0.358 seconds with exit status 0 (successful).
  INFO [a86740fd] Running ~/.rvm-alma8/bin/rvm gsas_sync_staging do bundle config --local deployment true as ldpdserv@diglib-service-prod1.cul.columbia.edu
 DEBUG [a86740fd] Command: cd /tmp/gsas_deployment_testing/gsas_sync_staging/releases/20250703215526 && ~/.rvm-alma8/bin/rvm gsas_sync_staging do bundle config --local deployment true
  INFO [a86740fd] Finished in 3.843 seconds with exit status 0 (successful).
  INFO [bd94c96c] Running ~/.rvm-alma8/bin/rvm gsas_sync_staging do bundle config --local path /tmp/gsas_deployment_testing/gsas_sync_staging/shared/bundle as ldpdserv@diglib-service-prod1.cul.columbia.edu
 DEBUG [bd94c96c] Command: cd /tmp/gsas_deployment_testing/gsas_sync_staging/releases/20250703215526 && ~/.rvm-alma8/bin/rvm gsas_sync_staging do bundle config --local path /tmp/gsas_deployment_testing/gsas_sync_staging/shared/bundle
  INFO [bd94c96c] Finished in 1.949 seconds with exit status 0 (successful).
  INFO [33e092a0] Running ~/.rvm-alma8/bin/rvm gsas_sync_staging do bundle config --local without development:test as ldpdserv@diglib-service-prod1.cul.columbia.edu
 DEBUG [33e092a0] Command: cd /tmp/gsas_deployment_testing/gsas_sync_staging/releases/20250703215526 && ~/.rvm-alma8/bin/rvm gsas_sync_staging do bundle config --local without development:test
  INFO [33e092a0] Finished in 1.847 seconds with exit status 0 (successful).
 DEBUG [e53470c5] Running if test ! -d /tmp/gsas_deployment_testing/gsas_sync_staging/releases/20250703215526; then echo "Directory does not exist '/tmp/gsas_deployment_testing/gsas_sync_staging/releases/20250703215526'" 1>&2; false; fi as ldpdserv@diglib-service-prod1.cul.columbia.edu
 DEBUG [e53470c5] Command: if test ! -d /tmp/gsas_deployment_testing/gsas_sync_staging/releases/20250703215526; then echo "Directory does not exist '/tmp/gsas_deployment_testing/gsas_sync_staging/releases/20250703215526'" 1>&2; false; fi
 DEBUG [e53470c5] Finished in 0.358 seconds with exit status 0 (successful).
 DEBUG [08d94bd8] Running ~/.rvm-alma8/bin/rvm gsas_sync_staging do bundle check as ldpdserv@diglib-service-prod1.cul.columbia.edu
 DEBUG [08d94bd8] Command: cd /tmp/gsas_deployment_testing/gsas_sync_staging/releases/20250703215526 && ~/.rvm-alma8/bin/rvm gsas_sync_staging do bundle check
 DEBUG [08d94bd8] 	The following gems are missing
 * rspec (3.13.0)
 * rspec-mocks (3.13.2)
 * rubocul (4.0.12)
 * zeitwerk (2.7.2)
 DEBUG [08d94bd8] 	 * cul-preservation_utils (0.1.6)
 * yaml (0.4.0)
 * net-sftp (4.0.0)
 DEBUG [08d94bd8] 	 * bcrypt_pbkdf (1.1.0)
 * ed25519 (1.4.0)
 * rainbow (3.1.1)
 * mail (2.8.1)
 * time (0.4.1)
 * capistrano (3.19.2)
 * capistrano-cul (0.3.4)
 DEBUG [08d94bd8] 	 * whenever (1.0.0)
 * rspec-core (3.13.3)
 * rspec-expectations (3.13.3)
 * diff-lcs (1.6.1)
 DEBUG [08d94bd8] 	 * rspec-support (3.13.2)
 * rubocop (1.62.1)
 * rubocop-ast (1.44.1)
 DEBUG [08d94bd8] 	 * rubocop-capybara (2.21.0)
 DEBUG [08d94bd8] 	 * rubocop-factory_bot (2.26.1)
 DEBUG [08d94bd8] 	 * rubocop-graphql (1.5.4)
 * rubocop-performance (1.23.1)
 * rubocop-rails (2.29.1)
 * rubocop-rspec (2.31.0)
 * ostruct (0.1.0)
 * stringex (2.8.6)
 DEBUG [08d94bd8] 	 * net-ssh (7.3.0)
 * mini_mime (1.1.5)
 DEBUG [08d94bd8] 	 * net-imap (0.5.8)
 DEBUG [08d94bd8] 	 * net-pop (0.1.2)
 DEBUG [08d94bd8] 	 * net-smtp (0.5.1)
 DEBUG [08d94bd8] 	 * date (3.4.1)
 * airbrussh (1.5.3)
 * i18n (1.14.7)
 DEBUG [08d94bd8] 	 * rake (13.3.0)
 DEBUG [08d94bd8] 	 * sshkit (1.24.0)
 DEBUG [08d94bd8] 	 * capistrano-git-with-submodules (2.0.6)
 * chronic (0.10.2)
 DEBUG [08d94bd8] 	 * json (2.10.2)
 DEBUG [08d94bd8] 	 * language_server-protocol (3.17.0.4)
 DEBUG [08d94bd8] 	 * parallel (1.27.0)
 DEBUG [08d94bd8] 	 * parser (3.3.8.0)
 DEBUG [08d94bd8] 	 * regexp_parser (2.10.0)
 DEBUG [08d94bd8] 	 * rexml (3.4.1)
 * ruby-progressbar (1.13.0)
 * unicode-display_width (2.6.0)
 DEBUG [08d94bd8] 	 * prism (1.4.0)
 DEBUG [08d94bd8] 	 * activesupport (8.0.2)
 * rack (3.1.13)
 DEBUG [08d94bd8] 	 * rubocop-rspec_rails (2.29.1)
 * net-protocol (0.2.2)
 DEBUG [08d94bd8] 	 * concurrent-ruby (1.3.5)
 * base64 (0.2.0)
 DEBUG [08d94bd8] 	 * logger (1.7.0)
 * net-scp (4.1.0)
 * ast (2.4.3)
 DEBUG [08d94bd8] 	 * racc (1.8.1)
 DEBUG [08d94bd8] 	 * benchmark (0.4.0)
 * bigdecimal (3.1.9)
 * connection_pool (2.5.1)
 DEBUG [08d94bd8] 	 * drb (2.2.1)
 * minitest (5.25.5)
 * securerandom (0.4.1)
 DEBUG [08d94bd8] 	 * tzinfo (2.0.6)
 * uri (1.0.3)
 DEBUG [08d94bd8] 	 * timeout (0.4.3)
 DEBUG [08d94bd8] 	Install missing gems with `bundle install`
 DEBUG [08d94bd8] Finished in 2.159 seconds with exit status 1 (failed).
  INFO [25ccad91] Running ~/.rvm-alma8/bin/rvm gsas_sync_staging do bundle install --jobs 4 --quiet as ldpdserv@diglib-service-prod1.cul.columbia.edu
 DEBUG [25ccad91] Command: cd /tmp/gsas_deployment_testing/gsas_sync_staging/releases/20250703215526 && ~/.rvm-alma8/bin/rvm gsas_sync_staging do bundle install --jobs 4 --quiet
  INFO [25ccad91] Finished in 28.882 seconds with exit status 0 (successful).
 DEBUG [756b370d] Running if test ! -d /tmp/gsas_deployment_testing/gsas_sync_staging/releases/20250703215526; then echo "Directory does not exist '/tmp/gsas_deployment_testing/gsas_sync_staging/releases/20250703215526'" 1>&2; false; fi as ldpdserv@diglib-service-prod1.cul.columbia.edu
 DEBUG [756b370d] Command: if test ! -d /tmp/gsas_deployment_testing/gsas_sync_staging/releases/20250703215526; then echo "Directory does not exist '/tmp/gsas_deployment_testing/gsas_sync_staging/releases/20250703215526'" 1>&2; false; fi
 DEBUG [756b370d] Finished in 0.254 seconds with exit status 0 (successful).
  INFO [1013ff30] Running ~/.rvm-alma8/bin/rvm gsas_sync_staging do bundle exec whenever --update-crontab gsas_sync_staging --set environment=staging --roles=app  as ldpdserv@diglib-service-prod1.cul.columbia.edu
 DEBUG [1013ff30] Command: cd /tmp/gsas_deployment_testing/gsas_sync_staging/releases/20250703215526 && ( export RAILS_ENV="staging" ; ~/.rvm-alma8/bin/rvm gsas_sync_staging do bundle exec whenever --update-crontab gsas_sync_staging --set environment=staging --roles=app  )
 DEBUG [1013ff30] 	bundler: failed to load command: whenever (/tmp/gsas_deployment_testing/gsas_sync_staging/shared/bundle/ruby/3.2.0/bin/whenever)
 DEBUG [1013ff30] 	/tmp/gsas_deployment_testing/gsas_sync_staging/shared/bundle/ruby/3.2.0/gems/whenever-1.0.0/lib/whenever/cron.rb:150:in `parse_as_string': Couldn't parse: :second (ArgumentError)

        raise ArgumentError, "Couldn't parse: #{@time.inspect}"
              ^^^^^^^^^^^^^^^^^^^^^^^^^^^^^^^^^^^^^^^^^^^^^^^^^
	from /tmp/gsas_deployment_testing/gsas_sync_staging/shared/bundle/ruby/3.2.0/gems/whenever-1.0.0/lib/whenever/cron.rb:85:in `parse_symbol'
	from /tmp/gsas_deployment_testing/gsas_sync_staging/shared/bundle/ruby/3.2.0/gems/whenever-1.0.0/lib/whenever/cron.rb:53:in `time_in_cron_syntax'
	from /tmp/gsas_deployment_testing/gsas_sync_staging/shared/bundle/ruby/3.2.0/gems/whenever-1.0.0/lib/whenever/cron.rb:46:in `output'
	from /tmp/gsas_deployment_testing/gsas_sync_staging/shared/bundle/ruby/3.2.0/gems/whenever-1.0.0/lib/whenever/cron.rb:40:in `block (2 levels) in output'
	from /tmp/gsas_deployment_testing/gsas_sync_staging/shared/bundle/ruby/3.2.0/gems/whenever-1.0.0/lib/whenever/cron.rb:39:in `each'
	from /tmp/gsas_deployment_testing/gsas_sync_staging/shared/bundle/ruby/3.2.0/gems/whenever-1.0.0/lib/whenever/cron.rb:39:in `block in output'
	from /tmp/gsas_deployment_testing/gsas_sync_staging/shared/bundle/ruby/3.2.0/gems/whenever-1.0.0/lib/whenever/cron.rb:38:in `each'
	from /tmp/gsas_deployment_testing/gsas_sync_staging/shared/bundle/ruby/3.2.0/gems/whenever-1.0.0/lib/whenever/cron.rb:38:in `output'
	from /tmp/gsas_deployment_testing/gsas_sync_staging/shared/bundle/ruby/3.2.0/gems/whenever-1.0.0/lib/whenever/job_list.rb:145:in `block in cron_jobs_of_time'
	from /tmp/gsas_deployment_testing/gsas_sync_staging/shared/bundle/ruby/3.2.0/gems/whenever-1.0.0/lib/whenever/job_list.rb:141:in `each'
	from /tmp/gsas_deployment_testing/gsas_sync_staging/shared/bundle/ruby/3.2.0/gems/whenever-1.0.0/lib/whenever/job_list.rb:141:in `cron_jobs_of_time'
	from /tmp/gsas_deployment_testing/gsas_sync_staging/shared/bundle/ruby/3.2.0/gems/whenever-1.0.0/lib/whenever/job_list.rb:166:in `block in cron_jobs'
	from /tmp/gsas_deployment_testing/gsas_sync_staging/shared/bundle/ruby/3.2.0/gems/whenever-1.0.0/lib/whenever/job_list.rb:165:in `each'
	from /tmp/gsas_deployment_testing/gsas_sync_staging/shared/bundle/ruby/3.2.0/gems/whenever-1.0.0/lib/whenever/job_list.rb:165:in `cron_jobs'
	from /tmp/gsas_deployment_testing/gsas_sync_staging/shared/bundle/ruby/3.2.0/gems/whenever-1.0.0/lib/whenever/job_list.rb:75:in `generate_cron_output'
	from /tmp/gsas_deployment_testing/gsas_sync_staging/shared/bundle/ruby/3.2.0/gems/whenever-1.0.0/lib/whenever.rb:12:in `cron'
	from /tmp/gsas_deployment_testing/gsas_sync_staging/shared/bundle/ruby/3.2.0/gems/whenever-1.0.0/lib/whenever/command_line.rb:57:in `whenever_cron'
	from /tmp/gsas_deployment_testing/gsas_sync_staging/shared/bundle/ruby/3.2.0/gems/whenever-1.0.0/lib/whenever/command_line.rb:111:in `updated_crontab'
	from /tmp/gsas_deployment_testing/gsas_sync_staging/shared/bundle/ruby/3.2.0/gems/whenever-1.0.0/lib/whenever/command_line.rb:38:in `run'
	from /tmp/gsas_deployment_testing/gsas_sync_staging/shared/bundle/ruby/3.2.0/gems/whenever-1.0.0/lib/whenever/command_line.rb:6:in `execute'
	from /tmp/gsas_deployment_testing/gsas_sync_staging/shared/bundle/ruby/3.2.0/gems/whenever-1.0.0/bin/whenever:44:in `<top (required)>'
	from /tmp/gsas_deployment_testing/gsas_sync_staging/shared/bundle/ruby/3.2.0/bin/whenever:25:in `load'
	from /tmp/gsas_deployment_testing/gsas_sync_staging/shared/bundle/ruby/3.2.0/bin/whenever:25:in `<top (required)>'
	from /tmp/gsas_deployment_testing/gsas_sync_staging/shared/bundle/ruby/3.2.0/gems/bundler-2.6.5/lib/bundler/cli/exec.rb:59:in `load'
	from /tmp/gsas_deployment_testing/gsas_sync_staging/shared/bundle/ruby/3.2.0/gems/bundler-2.6.5/lib/bundler/cli/exec.rb:59:in `kernel_load'
	from /tmp/gsas_deployment_testing/gsas_sync_staging/shared/bundle/ruby/3.2.0/gems/bundler-2.6.5/lib/bundler/cli/exec.rb:23:in `run'
	from /tmp/gsas_deployment_testing/gsas_sync_staging/shared/bundle/ruby/3.2.0/gems/bundler-2.6.5/lib/bundler/cli.rb:452:in `exec'
	from /tmp/gsas_deployment_testing/gsas_sync_staging/shared/bundle/ruby/3.2.0/gems/bundler-2.6.5/lib/bundler/vendor/thor/lib/thor/command.rb:28:in `run'
	from /tmp/gsas_deployment_testing/gsas_sync_staging/shared/bundle/ruby/3.2.0/gems/bundler-2.6.5/lib/bundler/vendor/thor/lib/thor/invocation.rb:127:in `invoke_command'
	from /tmp/gsas_deployment_testing/gsas_sync_staging/shared/bundle/ruby/3.2.0/gems/bundler-2.6.5/lib/bundler/vendor/thor/lib/thor.rb:538:in `dispatch'
	from /tmp/gsas_deployment_testing/gsas_sync_staging/shared/bundle/ruby/3.2.0/gems/bundler-2.6.5/lib/bundler/cli.rb:35:in `dispatch'
	from /tmp/gsas_deployment_testing/gsas_sync_staging/shared/bundle/ruby/3.2.0/gems/bundler-2.6.5/lib/bundler/vendor/thor/lib/thor/base.rb:584:in `start'
	from /tmp/gsas_deployment_testing/gsas_sync_staging/shared/bundle/ruby/3.2.0/gems/bundler-2.6.5/lib/bundler/cli.rb:29:in `start'
	from /tmp/gsas_deployment_testing/gsas_sync_staging/shared/bundle/ruby/3.2.0/gems/bundler-2.6.5/exe/bundle:28:in `block in <top (required)>'
	from /tmp/gsas_deployment_testing/gsas_sync_staging/shared/bundle/ruby/3.2.0/gems/bundler-2.6.5/lib/bundler/friendly_errors.rb:117:in `with_friendly_errors'
	from /tmp/gsas_deployment_testing/gsas_sync_staging/shared/bundle/ruby/3.2.0/gems/bundler-2.6.5/exe/bundle:20:in `<top (required)>'
	from /home/ldpdserv/.rvm-alma8/gems/ruby-3.2.2/bin/bundle:25:in `load'
	from /home/ldpdserv/.rvm-alma8/gems/ruby-3.2.2/bin/bundle:25:in `<main>'
  INFO ---------------------------------------------------------------------------
  INFO START 2025-07-03 17:57:14 -0400 cap staging deploy
  INFO ---------------------------------------------------------------------------
  INFO [f3c63c45] Running /usr/bin/env mkdir -p /tmp as ldpdserv@diglib-service-prod1.cul.columbia.edu
 DEBUG [f3c63c45] Command: /usr/bin/env mkdir -p /tmp
  INFO [f3c63c45] Finished in 0.865 seconds with exit status 0 (successful).
 DEBUG Uploading /tmp/git-ssh-83ef1244e8c95616fb66.sh 0.0%
  INFO Uploading /tmp/git-ssh-83ef1244e8c95616fb66.sh 100.0%
  INFO [6919776b] Running /usr/bin/env chmod 700 /tmp/git-ssh-83ef1244e8c95616fb66.sh as ldpdserv@diglib-service-prod1.cul.columbia.edu
 DEBUG [6919776b] Command: /usr/bin/env chmod 700 /tmp/git-ssh-83ef1244e8c95616fb66.sh
  INFO [6919776b] Finished in 0.209 seconds with exit status 0 (successful).
  INFO [4bb66535] Running /usr/bin/env git ls-remote git@github.com:cul/gsas_sync.git/ HEAD as ldpdserv@diglib-service-prod1.cul.columbia.edu
 DEBUG [4bb66535] Command: ( export GIT_ASKPASS="/bin/echo" GIT_SSH="/tmp/git-ssh-83ef1244e8c95616fb66.sh" ; /usr/bin/env git ls-remote git@github.com:cul/gsas_sync.git/ HEAD )
 DEBUG [4bb66535] 	5485efbe34266224b5835cfbb807f3d37ef2b03f	HEAD
  INFO [4bb66535] Finished in 1.028 seconds with exit status 0 (successful).
  INFO [6e725460] Running /usr/bin/env mkdir -p /tmp/gsas_deployment_testing/gsas_sync_staging/shared /tmp/gsas_deployment_testing/gsas_sync_staging/releases as ldpdserv@diglib-service-prod1.cul.columbia.edu
 DEBUG [6e725460] Command: /usr/bin/env mkdir -p /tmp/gsas_deployment_testing/gsas_sync_staging/shared /tmp/gsas_deployment_testing/gsas_sync_staging/releases
  INFO [6e725460] Finished in 0.212 seconds with exit status 0 (successful).
  INFO [79efa67e] Running /usr/bin/env mkdir -p /tmp/gsas_deployment_testing/gsas_sync_staging/shared/.bundle as ldpdserv@diglib-service-prod1.cul.columbia.edu
 DEBUG [79efa67e] Command: /usr/bin/env mkdir -p /tmp/gsas_deployment_testing/gsas_sync_staging/shared/.bundle
  INFO [79efa67e] Finished in 0.237 seconds with exit status 0 (successful).
  INFO [ddf388ec] Running /usr/bin/env mkdir -p /tmp/gsas_deployment_testing/gsas_sync_staging/shared/config as ldpdserv@diglib-service-prod1.cul.columbia.edu
 DEBUG [ddf388ec] Command: /usr/bin/env mkdir -p /tmp/gsas_deployment_testing/gsas_sync_staging/shared/config
  INFO [ddf388ec] Finished in 0.222 seconds with exit status 0 (successful).
 DEBUG [5d44b2cd] Running [ -f /tmp/gsas_deployment_testing/gsas_sync_staging/shared/config/config.yml ] as ldpdserv@diglib-service-prod1.cul.columbia.edu
 DEBUG [5d44b2cd] Command: [ -f /tmp/gsas_deployment_testing/gsas_sync_staging/shared/config/config.yml ]
 DEBUG [5d44b2cd] Finished in 0.221 seconds with exit status 0 (successful).
 DEBUG [78eb671b] Running [ -f /tmp/gsas_deployment_testing/gsas_sync_staging/current/REVISION ] as ldpdserv@diglib-service-prod1.cul.columbia.edu
 DEBUG [78eb671b] Command: [ -f /tmp/gsas_deployment_testing/gsas_sync_staging/current/REVISION ]
 DEBUG [78eb671b] Finished in 0.214 seconds with exit status 0 (successful).
 DEBUG [186c91a5] Running /usr/bin/env cat /tmp/gsas_deployment_testing/gsas_sync_staging/current/REVISION 2>/dev/null as ldpdserv@diglib-service-prod1.cul.columbia.edu
 DEBUG [186c91a5] Command: /usr/bin/env cat /tmp/gsas_deployment_testing/gsas_sync_staging/current/REVISION 2>/dev/null
 DEBUG [186c91a5] 	5485efbe34266224b5835cfbb807f3d37ef2b03f
 DEBUG [186c91a5] Finished in 0.248 seconds with exit status 0 (successful).
 DEBUG [d1e75834] Running [ -f /tmp/gsas_deployment_testing/gsas_sync_staging/current/REVISION_TIME ] as ldpdserv@diglib-service-prod1.cul.columbia.edu
 DEBUG [d1e75834] Command: [ -f /tmp/gsas_deployment_testing/gsas_sync_staging/current/REVISION_TIME ]
 DEBUG [d1e75834] Finished in 0.212 seconds with exit status 0 (successful).
 DEBUG [d4b2d57a] Running /usr/bin/env cat /tmp/gsas_deployment_testing/gsas_sync_staging/current/REVISION_TIME 2>/dev/null as ldpdserv@diglib-service-prod1.cul.columbia.edu
 DEBUG [d4b2d57a] Command: /usr/bin/env cat /tmp/gsas_deployment_testing/gsas_sync_staging/current/REVISION_TIME 2>/dev/null
 DEBUG [d4b2d57a] 	1751578022
 DEBUG [d4b2d57a] Finished in 0.256 seconds with exit status 0 (successful).
 DEBUG [45796f09] Running [ -f /tmp/gsas_deployment_testing/gsas_sync_staging/repo/HEAD ] as ldpdserv@diglib-service-prod1.cul.columbia.edu
 DEBUG [45796f09] Command: [ -f /tmp/gsas_deployment_testing/gsas_sync_staging/repo/HEAD ]
 DEBUG [45796f09] Finished in 0.220 seconds with exit status 0 (successful).
  INFO The repository mirror is at /tmp/gsas_deployment_testing/gsas_sync_staging/repo
 DEBUG [535d1708] Running if test ! -d /tmp/gsas_deployment_testing/gsas_sync_staging/repo; then echo "Directory does not exist '/tmp/gsas_deployment_testing/gsas_sync_staging/repo'" 1>&2; false; fi as ldpdserv@diglib-service-prod1.cul.columbia.edu
 DEBUG [535d1708] Command: if test ! -d /tmp/gsas_deployment_testing/gsas_sync_staging/repo; then echo "Directory does not exist '/tmp/gsas_deployment_testing/gsas_sync_staging/repo'" 1>&2; false; fi
 DEBUG [535d1708] Finished in 0.211 seconds with exit status 0 (successful).
  INFO [48940de7] Running /usr/bin/env git remote set-url origin git@github.com:cul/gsas_sync.git/ as ldpdserv@diglib-service-prod1.cul.columbia.edu
 DEBUG [48940de7] Command: cd /tmp/gsas_deployment_testing/gsas_sync_staging/repo && ( export GIT_ASKPASS="/bin/echo" GIT_SSH="/tmp/git-ssh-83ef1244e8c95616fb66.sh" ; /usr/bin/env git remote set-url origin git@github.com:cul/gsas_sync.git/ )
  INFO [48940de7] Finished in 0.239 seconds with exit status 0 (successful).
  INFO [16e9d2d8] Running /usr/bin/env git remote update --prune as ldpdserv@diglib-service-prod1.cul.columbia.edu
 DEBUG [16e9d2d8] Command: cd /tmp/gsas_deployment_testing/gsas_sync_staging/repo && ( export GIT_ASKPASS="/bin/echo" GIT_SSH="/tmp/git-ssh-83ef1244e8c95616fb66.sh" ; /usr/bin/env git remote update --prune )
  INFO [16e9d2d8] Finished in 0.993 seconds with exit status 0 (successful).
 DEBUG [7efe02b9] Running if test ! -d /tmp/gsas_deployment_testing/gsas_sync_staging/repo; then echo "Directory does not exist '/tmp/gsas_deployment_testing/gsas_sync_staging/repo'" 1>&2; false; fi as ldpdserv@diglib-service-prod1.cul.columbia.edu
 DEBUG [7efe02b9] Command: if test ! -d /tmp/gsas_deployment_testing/gsas_sync_staging/repo; then echo "Directory does not exist '/tmp/gsas_deployment_testing/gsas_sync_staging/repo'" 1>&2; false; fi
 DEBUG [7efe02b9] Finished in 0.223 seconds with exit status 0 (successful).
  INFO [45344b30] Running /usr/bin/env mkdir -p /tmp/gsas_deployment_testing/gsas_sync_staging/releases/20250703215719 as ldpdserv@diglib-service-prod1.cul.columbia.edu
 DEBUG [45344b30] Command: cd /tmp/gsas_deployment_testing/gsas_sync_staging/repo && ( export GIT_ASKPASS="/bin/echo" GIT_SSH="/tmp/git-ssh-83ef1244e8c95616fb66.sh" ; /usr/bin/env mkdir -p /tmp/gsas_deployment_testing/gsas_sync_staging/releases/20250703215719 )
  INFO [45344b30] Finished in 0.218 seconds with exit status 0 (successful).
  INFO [7df9af17] Running /usr/bin/env git archive LDPD-451 | /usr/bin/env tar -x -f - -C /tmp/gsas_deployment_testing/gsas_sync_staging/releases/20250703215719 as ldpdserv@diglib-service-prod1.cul.columbia.edu
 DEBUG [7df9af17] Command: cd /tmp/gsas_deployment_testing/gsas_sync_staging/repo && ( export GIT_ASKPASS="/bin/echo" GIT_SSH="/tmp/git-ssh-83ef1244e8c95616fb66.sh" ; /usr/bin/env git archive LDPD-451 | /usr/bin/env tar -x -f - -C /tmp/gsas_deployment_testing/gsas_sync_staging/releases/20250703215719 )
  INFO [7df9af17] Finished in 0.232 seconds with exit status 0 (successful).
 DEBUG [d2c949eb] Running if test ! -d /tmp/gsas_deployment_testing/gsas_sync_staging/repo; then echo "Directory does not exist '/tmp/gsas_deployment_testing/gsas_sync_staging/repo'" 1>&2; false; fi as ldpdserv@diglib-service-prod1.cul.columbia.edu
 DEBUG [d2c949eb] Command: if test ! -d /tmp/gsas_deployment_testing/gsas_sync_staging/repo; then echo "Directory does not exist '/tmp/gsas_deployment_testing/gsas_sync_staging/repo'" 1>&2; false; fi
 DEBUG [d2c949eb] Finished in 0.238 seconds with exit status 0 (successful).
 DEBUG [ae4e2b0f] Running /usr/bin/env git rev-list --max-count=1 LDPD-451 as ldpdserv@diglib-service-prod1.cul.columbia.edu
 DEBUG [ae4e2b0f] Command: cd /tmp/gsas_deployment_testing/gsas_sync_staging/repo && ( export GIT_ASKPASS="/bin/echo" GIT_SSH="/tmp/git-ssh-83ef1244e8c95616fb66.sh" ; /usr/bin/env git rev-list --max-count=1 LDPD-451 )
 DEBUG [ae4e2b0f] 	5485efbe34266224b5835cfbb807f3d37ef2b03f
 DEBUG [ae4e2b0f] Finished in 0.229 seconds with exit status 0 (successful).
 DEBUG [d38f0c9e] Running if test ! -d /tmp/gsas_deployment_testing/gsas_sync_staging/releases/20250703215719; then echo "Directory does not exist '/tmp/gsas_deployment_testing/gsas_sync_staging/releases/20250703215719'" 1>&2; false; fi as ldpdserv@diglib-service-prod1.cul.columbia.edu
 DEBUG [d38f0c9e] Command: if test ! -d /tmp/gsas_deployment_testing/gsas_sync_staging/releases/20250703215719; then echo "Directory does not exist '/tmp/gsas_deployment_testing/gsas_sync_staging/releases/20250703215719'" 1>&2; false; fi
 DEBUG [d38f0c9e] Finished in 0.208 seconds with exit status 0 (successful).
  INFO [60d66194] Running /usr/bin/env echo "5485efbe34266224b5835cfbb807f3d37ef2b03f" > REVISION as ldpdserv@diglib-service-prod1.cul.columbia.edu
 DEBUG [60d66194] Command: cd /tmp/gsas_deployment_testing/gsas_sync_staging/releases/20250703215719 && /usr/bin/env echo "5485efbe34266224b5835cfbb807f3d37ef2b03f" > REVISION
  INFO [60d66194] Finished in 0.233 seconds with exit status 0 (successful).
 DEBUG [ab04ea7a] Running if test ! -d /tmp/gsas_deployment_testing/gsas_sync_staging/repo; then echo "Directory does not exist '/tmp/gsas_deployment_testing/gsas_sync_staging/repo'" 1>&2; false; fi as ldpdserv@diglib-service-prod1.cul.columbia.edu
 DEBUG [ab04ea7a] Command: if test ! -d /tmp/gsas_deployment_testing/gsas_sync_staging/repo; then echo "Directory does not exist '/tmp/gsas_deployment_testing/gsas_sync_staging/repo'" 1>&2; false; fi
 DEBUG [ab04ea7a] Finished in 0.213 seconds with exit status 0 (successful).
 DEBUG [48b332e2] Running /usr/bin/env git --no-pager log -1 --pretty=format:"%ct" LDPD-451 as ldpdserv@diglib-service-prod1.cul.columbia.edu
 DEBUG [48b332e2] Command: cd /tmp/gsas_deployment_testing/gsas_sync_staging/repo && ( export GIT_ASKPASS="/bin/echo" GIT_SSH="/tmp/git-ssh-83ef1244e8c95616fb66.sh" ; /usr/bin/env git --no-pager log -1 --pretty=format:"%ct" LDPD-451 )
 DEBUG [48b332e2] 	1751578022
 DEBUG [48b332e2] Finished in 0.231 seconds with exit status 0 (successful).
 DEBUG [912c817a] Running if test ! -d /tmp/gsas_deployment_testing/gsas_sync_staging/releases/20250703215719; then echo "Directory does not exist '/tmp/gsas_deployment_testing/gsas_sync_staging/releases/20250703215719'" 1>&2; false; fi as ldpdserv@diglib-service-prod1.cul.columbia.edu
 DEBUG [912c817a] Command: if test ! -d /tmp/gsas_deployment_testing/gsas_sync_staging/releases/20250703215719; then echo "Directory does not exist '/tmp/gsas_deployment_testing/gsas_sync_staging/releases/20250703215719'" 1>&2; false; fi
 DEBUG [912c817a] Finished in 0.219 seconds with exit status 0 (successful).
  INFO [0e87b392] Running /usr/bin/env echo "1751578022" > REVISION_TIME as ldpdserv@diglib-service-prod1.cul.columbia.edu
 DEBUG [0e87b392] Command: cd /tmp/gsas_deployment_testing/gsas_sync_staging/releases/20250703215719 && /usr/bin/env echo "1751578022" > REVISION_TIME
  INFO [0e87b392] Finished in 0.207 seconds with exit status 0 (successful).
  INFO [217cd549] Running /usr/bin/env mkdir -p /tmp/gsas_deployment_testing/gsas_sync_staging/releases/20250703215719/config as ldpdserv@diglib-service-prod1.cul.columbia.edu
 DEBUG [217cd549] Command: /usr/bin/env mkdir -p /tmp/gsas_deployment_testing/gsas_sync_staging/releases/20250703215719/config
  INFO [217cd549] Finished in 0.218 seconds with exit status 0 (successful).
 DEBUG [07018783] Running [ -L /tmp/gsas_deployment_testing/gsas_sync_staging/releases/20250703215719/config/config.yml ] as ldpdserv@diglib-service-prod1.cul.columbia.edu
 DEBUG [07018783] Command: [ -L /tmp/gsas_deployment_testing/gsas_sync_staging/releases/20250703215719/config/config.yml ]
 DEBUG [07018783] Finished in 0.203 seconds with exit status 1 (failed).
 DEBUG [f452b088] Running [ -f /tmp/gsas_deployment_testing/gsas_sync_staging/releases/20250703215719/config/config.yml ] as ldpdserv@diglib-service-prod1.cul.columbia.edu
 DEBUG [f452b088] Command: [ -f /tmp/gsas_deployment_testing/gsas_sync_staging/releases/20250703215719/config/config.yml ]
 DEBUG [f452b088] Finished in 0.211 seconds with exit status 1 (failed).
  INFO [be692fb5] Running /usr/bin/env ln -s /tmp/gsas_deployment_testing/gsas_sync_staging/shared/config/config.yml /tmp/gsas_deployment_testing/gsas_sync_staging/releases/20250703215719/config/config.yml as ldpdserv@diglib-service-prod1.cul.columbia.edu
 DEBUG [be692fb5] Command: /usr/bin/env ln -s /tmp/gsas_deployment_testing/gsas_sync_staging/shared/config/config.yml /tmp/gsas_deployment_testing/gsas_sync_staging/releases/20250703215719/config/config.yml
  INFO [be692fb5] Finished in 0.217 seconds with exit status 0 (successful).
  INFO [ff6dbeac] Running /usr/bin/env mkdir -p /tmp/gsas_deployment_testing/gsas_sync_staging/releases/20250703215719 as ldpdserv@diglib-service-prod1.cul.columbia.edu
 DEBUG [ff6dbeac] Command: /usr/bin/env mkdir -p /tmp/gsas_deployment_testing/gsas_sync_staging/releases/20250703215719
  INFO [ff6dbeac] Finished in 0.222 seconds with exit status 0 (successful).
 DEBUG [dddc4b44] Running [ -L /tmp/gsas_deployment_testing/gsas_sync_staging/releases/20250703215719/.bundle ] as ldpdserv@diglib-service-prod1.cul.columbia.edu
 DEBUG [dddc4b44] Command: [ -L /tmp/gsas_deployment_testing/gsas_sync_staging/releases/20250703215719/.bundle ]
 DEBUG [dddc4b44] Finished in 0.213 seconds with exit status 1 (failed).
 DEBUG [11325263] Running [ -d /tmp/gsas_deployment_testing/gsas_sync_staging/releases/20250703215719/.bundle ] as ldpdserv@diglib-service-prod1.cul.columbia.edu
 DEBUG [11325263] Command: [ -d /tmp/gsas_deployment_testing/gsas_sync_staging/releases/20250703215719/.bundle ]
 DEBUG [11325263] Finished in 0.223 seconds with exit status 1 (failed).
  INFO [e45c7813] Running /usr/bin/env ln -s /tmp/gsas_deployment_testing/gsas_sync_staging/shared/.bundle /tmp/gsas_deployment_testing/gsas_sync_staging/releases/20250703215719/.bundle as ldpdserv@diglib-service-prod1.cul.columbia.edu
 DEBUG [e45c7813] Command: /usr/bin/env ln -s /tmp/gsas_deployment_testing/gsas_sync_staging/shared/.bundle /tmp/gsas_deployment_testing/gsas_sync_staging/releases/20250703215719/.bundle
  INFO [e45c7813] Finished in 0.225 seconds with exit status 0 (successful).
 DEBUG [d50d26b5] Running if test ! -d /tmp/gsas_deployment_testing/gsas_sync_staging/releases/20250703215719; then echo "Directory does not exist '/tmp/gsas_deployment_testing/gsas_sync_staging/releases/20250703215719'" 1>&2; false; fi as ldpdserv@diglib-service-prod1.cul.columbia.edu
 DEBUG [d50d26b5] Command: if test ! -d /tmp/gsas_deployment_testing/gsas_sync_staging/releases/20250703215719; then echo "Directory does not exist '/tmp/gsas_deployment_testing/gsas_sync_staging/releases/20250703215719'" 1>&2; false; fi
 DEBUG [d50d26b5] Finished in 0.226 seconds with exit status 0 (successful).
  INFO [18c2448c] Running ~/.rvm-alma8/bin/rvm gsas_sync_staging do bundle config --local deployment true as ldpdserv@diglib-service-prod1.cul.columbia.edu
 DEBUG [18c2448c] Command: cd /tmp/gsas_deployment_testing/gsas_sync_staging/releases/20250703215719 && ~/.rvm-alma8/bin/rvm gsas_sync_staging do bundle config --local deployment true
  INFO [18c2448c] Finished in 2.336 seconds with exit status 0 (successful).
  INFO [4069f9f6] Running ~/.rvm-alma8/bin/rvm gsas_sync_staging do bundle config --local path /tmp/gsas_deployment_testing/gsas_sync_staging/shared/bundle as ldpdserv@diglib-service-prod1.cul.columbia.edu
 DEBUG [4069f9f6] Command: cd /tmp/gsas_deployment_testing/gsas_sync_staging/releases/20250703215719 && ~/.rvm-alma8/bin/rvm gsas_sync_staging do bundle config --local path /tmp/gsas_deployment_testing/gsas_sync_staging/shared/bundle
  INFO [4069f9f6] Finished in 1.319 seconds with exit status 0 (successful).
  INFO [b5d4a445] Running ~/.rvm-alma8/bin/rvm gsas_sync_staging do bundle config --local without development:test as ldpdserv@diglib-service-prod1.cul.columbia.edu
 DEBUG [b5d4a445] Command: cd /tmp/gsas_deployment_testing/gsas_sync_staging/releases/20250703215719 && ~/.rvm-alma8/bin/rvm gsas_sync_staging do bundle config --local without development:test
  INFO [b5d4a445] Finished in 1.346 seconds with exit status 0 (successful).
 DEBUG [192d95d2] Running if test ! -d /tmp/gsas_deployment_testing/gsas_sync_staging/releases/20250703215719; then echo "Directory does not exist '/tmp/gsas_deployment_testing/gsas_sync_staging/releases/20250703215719'" 1>&2; false; fi as ldpdserv@diglib-service-prod1.cul.columbia.edu
 DEBUG [192d95d2] Command: if test ! -d /tmp/gsas_deployment_testing/gsas_sync_staging/releases/20250703215719; then echo "Directory does not exist '/tmp/gsas_deployment_testing/gsas_sync_staging/releases/20250703215719'" 1>&2; false; fi
 DEBUG [192d95d2] Finished in 0.213 seconds with exit status 0 (successful).
 DEBUG [4bea9212] Running ~/.rvm-alma8/bin/rvm gsas_sync_staging do bundle check as ldpdserv@diglib-service-prod1.cul.columbia.edu
 DEBUG [4bea9212] Command: cd /tmp/gsas_deployment_testing/gsas_sync_staging/releases/20250703215719 && ~/.rvm-alma8/bin/rvm gsas_sync_staging do bundle check
 DEBUG [4bea9212] 	The Gemfile's dependencies are satisfied
 DEBUG [4bea9212] Finished in 1.434 seconds with exit status 0 (successful).
  INFO The Gemfile's dependencies are satisfied, skipping installation
 DEBUG [c9b3b01f] Running if test ! -d /tmp/gsas_deployment_testing/gsas_sync_staging/releases/20250703215719; then echo "Directory does not exist '/tmp/gsas_deployment_testing/gsas_sync_staging/releases/20250703215719'" 1>&2; false; fi as ldpdserv@diglib-service-prod1.cul.columbia.edu
 DEBUG [c9b3b01f] Command: if test ! -d /tmp/gsas_deployment_testing/gsas_sync_staging/releases/20250703215719; then echo "Directory does not exist '/tmp/gsas_deployment_testing/gsas_sync_staging/releases/20250703215719'" 1>&2; false; fi
 DEBUG [c9b3b01f] Finished in 0.220 seconds with exit status 0 (successful).
  INFO [0d589b01] Running ~/.rvm-alma8/bin/rvm gsas_sync_staging do bundle exec whenever --update-crontab gsas_sync_staging --set environment=staging --roles=app  as ldpdserv@diglib-service-prod1.cul.columbia.edu
 DEBUG [0d589b01] Command: cd /tmp/gsas_deployment_testing/gsas_sync_staging/releases/20250703215719 && ( export RAILS_ENV="staging" ; ~/.rvm-alma8/bin/rvm gsas_sync_staging do bundle exec whenever --update-crontab gsas_sync_staging --set environment=staging --roles=app  )
 DEBUG [0d589b01] 	bundler: failed to load command: whenever (/tmp/gsas_deployment_testing/gsas_sync_staging/shared/bundle/ruby/3.2.0/bin/whenever)
 DEBUG [0d589b01] 	/tmp/gsas_deployment_testing/gsas_sync_staging/shared/bundle/ruby/3.2.0/gems/whenever-1.0.0/lib/whenever/cron.rb:150:in `parse_as_string': Couldn't parse: :second (ArgumentError)

        raise ArgumentError, "Couldn't parse: #{@time.inspect}"
              ^^^^^^^^^^^^^^^^^^^^^^^^^^^^^^^^^^^^^^^^^^^^^^^^^
	from /tmp/gsas_deployment_testing/gsas_sync_staging/shared/bundle/ruby/3.2.0/gems/whenever-1.0.0/lib/whenever/cron.rb:85:in `parse_symbol'
	from /tmp/gsas_deployment_testing/gsas_sync_staging/shared/bundle/ruby/3.2.0/gems/whenever-1.0.0/lib/whenever/cron.rb:53:in `time_in_cron_syntax'
	from /tmp/gsas_deployment_testing/gsas_sync_staging/shared/bundle/ruby/3.2.0/gems/whenever-1.0.0/lib/whenever/cron.rb:46:in `output'
	from /tmp/gsas_deployment_testing/gsas_sync_staging/shared/bundle/ruby/3.2.0/gems/whenever-1.0.0/lib/whenever/cron.rb:40:in `block (2 levels) in output'
	from /tmp/gsas_deployment_testing/gsas_sync_staging/shared/bundle/ruby/3.2.0/gems/whenever-1.0.0/lib/whenever/cron.rb:39:in `each'
	from /tmp/gsas_deployment_testing/gsas_sync_staging/shared/bundle/ruby/3.2.0/gems/whenever-1.0.0/lib/whenever/cron.rb:39:in `block in output'
	from /tmp/gsas_deployment_testing/gsas_sync_staging/shared/bundle/ruby/3.2.0/gems/whenever-1.0.0/lib/whenever/cron.rb:38:in `each'
	from /tmp/gsas_deployment_testing/gsas_sync_staging/shared/bundle/ruby/3.2.0/gems/whenever-1.0.0/lib/whenever/cron.rb:38:in `output'
	from /tmp/gsas_deployment_testing/gsas_sync_staging/shared/bundle/ruby/3.2.0/gems/whenever-1.0.0/lib/whenever/job_list.rb:145:in `block in cron_jobs_of_time'
	from /tmp/gsas_deployment_testing/gsas_sync_staging/shared/bundle/ruby/3.2.0/gems/whenever-1.0.0/lib/whenever/job_list.rb:141:in `each'
	from /tmp/gsas_deployment_testing/gsas_sync_staging/shared/bundle/ruby/3.2.0/gems/whenever-1.0.0/lib/whenever/job_list.rb:141:in `cron_jobs_of_time'
	from /tmp/gsas_deployment_testing/gsas_sync_staging/shared/bundle/ruby/3.2.0/gems/whenever-1.0.0/lib/whenever/job_list.rb:166:in `block in cron_jobs'
	from /tmp/gsas_deployment_testing/gsas_sync_staging/shared/bundle/ruby/3.2.0/gems/whenever-1.0.0/lib/whenever/job_list.rb:165:in `each'
	from /tmp/gsas_deployment_testing/gsas_sync_staging/shared/bundle/ruby/3.2.0/gems/whenever-1.0.0/lib/whenever/job_list.rb:165:in `cron_jobs'
	from /tmp/gsas_deployment_testing/gsas_sync_staging/shared/bundle/ruby/3.2.0/gems/whenever-1.0.0/lib/whenever/job_list.rb:75:in `generate_cron_output'
	from /tmp/gsas_deployment_testing/gsas_sync_staging/shared/bundle/ruby/3.2.0/gems/whenever-1.0.0/lib/whenever.rb:12:in `cron'
	from /tmp/gsas_deployment_testing/gsas_sync_staging/shared/bundle/ruby/3.2.0/gems/whenever-1.0.0/lib/whenever/command_line.rb:57:in `whenever_cron'
	from /tmp/gsas_deployment_testing/gsas_sync_staging/shared/bundle/ruby/3.2.0/gems/whenever-1.0.0/lib/whenever/command_line.rb:111:in `updated_crontab'
	from /tmp/gsas_deployment_testing/gsas_sync_staging/shared/bundle/ruby/3.2.0/gems/whenever-1.0.0/lib/whenever/command_line.rb:38:in `run'
	from /tmp/gsas_deployment_testing/gsas_sync_staging/shared/bundle/ruby/3.2.0/gems/whenever-1.0.0/lib/whenever/command_line.rb:6:in `execute'
	from /tmp/gsas_deployment_testing/gsas_sync_staging/shared/bundle/ruby/3.2.0/gems/whenever-1.0.0/bin/whenever:44:in `<top (required)>'
	from /tmp/gsas_deployment_testing/gsas_sync_staging/shared/bundle/ruby/3.2.0/bin/whenever:25:in `load'
	from /tmp/gsas_deployment_testing/gsas_sync_staging/shared/bundle/ruby/3.2.0/bin/whenever:25:in `<top (required)>'
	from /tmp/gsas_deployment_testing/gsas_sync_staging/shared/bundle/ruby/3.2.0/gems/bundler-2.6.5/lib/bundler/cli/exec.rb:59:in `load'
	from /tmp/gsas_deployment_testing/gsas_sync_staging/shared/bundle/ruby/3.2.0/gems/bundler-2.6.5/lib/bundler/cli/exec.rb:59:in `kernel_load'
	from /tmp/gsas_deployment_testing/gsas_sync_staging/shared/bundle/ruby/3.2.0/gems/bundler-2.6.5/lib/bundler/cli/exec.rb:23:in `run'
	from /tmp/gsas_deployment_testing/gsas_sync_staging/shared/bundle/ruby/3.2.0/gems/bundler-2.6.5/lib/bundler/cli.rb:452:in `exec'
	from /tmp/gsas_deployment_testing/gsas_sync_staging/shared/bundle/ruby/3.2.0/gems/bundler-2.6.5/lib/bundler/vendor/thor/lib/thor/command.rb:28:in `run'
	from /tmp/gsas_deployment_testing/gsas_sync_staging/shared/bundle/ruby/3.2.0/gems/bundler-2.6.5/lib/bundler/vendor/thor/lib/thor/invocation.rb:127:in `invoke_command'
	from /tmp/gsas_deployment_testing/gsas_sync_staging/shared/bundle/ruby/3.2.0/gems/bundler-2.6.5/lib/bundler/vendor/thor/lib/thor.rb:538:in `dispatch'
	from /tmp/gsas_deployment_testing/gsas_sync_staging/shared/bundle/ruby/3.2.0/gems/bundler-2.6.5/lib/bundler/cli.rb:35:in `dispatch'
	from /tmp/gsas_deployment_testing/gsas_sync_staging/shared/bundle/ruby/3.2.0/gems/bundler-2.6.5/lib/bundler/vendor/thor/lib/thor/base.rb:584:in `start'
	from /tmp/gsas_deployment_testing/gsas_sync_staging/shared/bundle/ruby/3.2.0/gems/bundler-2.6.5/lib/bundler/cli.rb:29:in `start'
	from /tmp/gsas_deployment_testing/gsas_sync_staging/shared/bundle/ruby/3.2.0/gems/bundler-2.6.5/exe/bundle:28:in `block in <top (required)>'
	from /tmp/gsas_deployment_testing/gsas_sync_staging/shared/bundle/ruby/3.2.0/gems/bundler-2.6.5/lib/bundler/friendly_errors.rb:117:in `with_friendly_errors'
	from /tmp/gsas_deployment_testing/gsas_sync_staging/shared/bundle/ruby/3.2.0/gems/bundler-2.6.5/exe/bundle:20:in `<top (required)>'
	from /home/ldpdserv/.rvm-alma8/gems/ruby-3.2.2/bin/bundle:25:in `load'
	from /home/ldpdserv/.rvm-alma8/gems/ruby-3.2.2/bin/bundle:25:in `<main>'
  INFO ---------------------------------------------------------------------------
  INFO START 2025-07-03 17:58:27 -0400 cap staging deploy
  INFO ---------------------------------------------------------------------------
  INFO [e8ed0971] Running /usr/bin/env mkdir -p /tmp as ldpdserv@diglib-service-prod1.cul.columbia.edu
 DEBUG [e8ed0971] Command: /usr/bin/env mkdir -p /tmp
  INFO [e8ed0971] Finished in 0.789 seconds with exit status 0 (successful).
 DEBUG Uploading /tmp/git-ssh-3cf22d8d42c1a44e117e.sh 0.0%
  INFO Uploading /tmp/git-ssh-3cf22d8d42c1a44e117e.sh 100.0%
  INFO [8167aaac] Running /usr/bin/env chmod 700 /tmp/git-ssh-3cf22d8d42c1a44e117e.sh as ldpdserv@diglib-service-prod1.cul.columbia.edu
 DEBUG [8167aaac] Command: /usr/bin/env chmod 700 /tmp/git-ssh-3cf22d8d42c1a44e117e.sh
  INFO [8167aaac] Finished in 0.318 seconds with exit status 0 (successful).
  INFO [f304a751] Running /usr/bin/env git ls-remote git@github.com:cul/gsas_sync.git/ HEAD as ldpdserv@diglib-service-prod1.cul.columbia.edu
 DEBUG [f304a751] Command: ( export GIT_ASKPASS="/bin/echo" GIT_SSH="/tmp/git-ssh-3cf22d8d42c1a44e117e.sh" ; /usr/bin/env git ls-remote git@github.com:cul/gsas_sync.git/ HEAD )
 DEBUG [f304a751] 	5485efbe34266224b5835cfbb807f3d37ef2b03f	HEAD
  INFO [f304a751] Finished in 1.178 seconds with exit status 0 (successful).
  INFO [bdfe7b35] Running /usr/bin/env mkdir -p /tmp/gsas_deployment_testing/gsas_sync_staging/shared /tmp/gsas_deployment_testing/gsas_sync_staging/releases as ldpdserv@diglib-service-prod1.cul.columbia.edu
 DEBUG [bdfe7b35] Command: /usr/bin/env mkdir -p /tmp/gsas_deployment_testing/gsas_sync_staging/shared /tmp/gsas_deployment_testing/gsas_sync_staging/releases
  INFO [bdfe7b35] Finished in 0.353 seconds with exit status 0 (successful).
  INFO [2406d11f] Running /usr/bin/env mkdir -p /tmp/gsas_deployment_testing/gsas_sync_staging/shared/.bundle as ldpdserv@diglib-service-prod1.cul.columbia.edu
 DEBUG [2406d11f] Command: /usr/bin/env mkdir -p /tmp/gsas_deployment_testing/gsas_sync_staging/shared/.bundle
  INFO [2406d11f] Finished in 0.329 seconds with exit status 0 (successful).
  INFO [48986c08] Running /usr/bin/env mkdir -p /tmp/gsas_deployment_testing/gsas_sync_staging/shared/config as ldpdserv@diglib-service-prod1.cul.columbia.edu
 DEBUG [48986c08] Command: /usr/bin/env mkdir -p /tmp/gsas_deployment_testing/gsas_sync_staging/shared/config
  INFO [48986c08] Finished in 0.310 seconds with exit status 0 (successful).
 DEBUG [24abc0d9] Running [ -f /tmp/gsas_deployment_testing/gsas_sync_staging/shared/config/config.yml ] as ldpdserv@diglib-service-prod1.cul.columbia.edu
 DEBUG [24abc0d9] Command: [ -f /tmp/gsas_deployment_testing/gsas_sync_staging/shared/config/config.yml ]
 DEBUG [24abc0d9] Finished in 0.332 seconds with exit status 0 (successful).
 DEBUG [18bd5e5a] Running [ -f /tmp/gsas_deployment_testing/gsas_sync_staging/current/REVISION ] as ldpdserv@diglib-service-prod1.cul.columbia.edu
 DEBUG [18bd5e5a] Command: [ -f /tmp/gsas_deployment_testing/gsas_sync_staging/current/REVISION ]
 DEBUG [18bd5e5a] Finished in 0.332 seconds with exit status 0 (successful).
 DEBUG [468b884f] Running /usr/bin/env cat /tmp/gsas_deployment_testing/gsas_sync_staging/current/REVISION 2>/dev/null as ldpdserv@diglib-service-prod1.cul.columbia.edu
 DEBUG [468b884f] Command: /usr/bin/env cat /tmp/gsas_deployment_testing/gsas_sync_staging/current/REVISION 2>/dev/null
 DEBUG [468b884f] 	5485efbe34266224b5835cfbb807f3d37ef2b03f
 DEBUG [468b884f] Finished in 0.389 seconds with exit status 0 (successful).
 DEBUG [fe6aba53] Running [ -f /tmp/gsas_deployment_testing/gsas_sync_staging/current/REVISION_TIME ] as ldpdserv@diglib-service-prod1.cul.columbia.edu
 DEBUG [fe6aba53] Command: [ -f /tmp/gsas_deployment_testing/gsas_sync_staging/current/REVISION_TIME ]
 DEBUG [fe6aba53] Finished in 0.345 seconds with exit status 0 (successful).
 DEBUG [471639ca] Running /usr/bin/env cat /tmp/gsas_deployment_testing/gsas_sync_staging/current/REVISION_TIME 2>/dev/null as ldpdserv@diglib-service-prod1.cul.columbia.edu
 DEBUG [471639ca] Command: /usr/bin/env cat /tmp/gsas_deployment_testing/gsas_sync_staging/current/REVISION_TIME 2>/dev/null
 DEBUG [471639ca] 	1751578022
 DEBUG [471639ca] Finished in 0.368 seconds with exit status 0 (successful).
 DEBUG [96e9ae94] Running [ -f /tmp/gsas_deployment_testing/gsas_sync_staging/repo/HEAD ] as ldpdserv@diglib-service-prod1.cul.columbia.edu
 DEBUG [96e9ae94] Command: [ -f /tmp/gsas_deployment_testing/gsas_sync_staging/repo/HEAD ]
 DEBUG [96e9ae94] Finished in 0.456 seconds with exit status 0 (successful).
  INFO The repository mirror is at /tmp/gsas_deployment_testing/gsas_sync_staging/repo
 DEBUG [742a813a] Running if test ! -d /tmp/gsas_deployment_testing/gsas_sync_staging/repo; then echo "Directory does not exist '/tmp/gsas_deployment_testing/gsas_sync_staging/repo'" 1>&2; false; fi as ldpdserv@diglib-service-prod1.cul.columbia.edu
 DEBUG [742a813a] Command: if test ! -d /tmp/gsas_deployment_testing/gsas_sync_staging/repo; then echo "Directory does not exist '/tmp/gsas_deployment_testing/gsas_sync_staging/repo'" 1>&2; false; fi
 DEBUG [742a813a] Finished in 0.321 seconds with exit status 0 (successful).
  INFO [43342cdd] Running /usr/bin/env git remote set-url origin git@github.com:cul/gsas_sync.git/ as ldpdserv@diglib-service-prod1.cul.columbia.edu
 DEBUG [43342cdd] Command: cd /tmp/gsas_deployment_testing/gsas_sync_staging/repo && ( export GIT_ASKPASS="/bin/echo" GIT_SSH="/tmp/git-ssh-3cf22d8d42c1a44e117e.sh" ; /usr/bin/env git remote set-url origin git@github.com:cul/gsas_sync.git/ )
  INFO [43342cdd] Finished in 0.323 seconds with exit status 0 (successful).
  INFO [6215c4a1] Running /usr/bin/env git remote update --prune as ldpdserv@diglib-service-prod1.cul.columbia.edu
 DEBUG [6215c4a1] Command: cd /tmp/gsas_deployment_testing/gsas_sync_staging/repo && ( export GIT_ASKPASS="/bin/echo" GIT_SSH="/tmp/git-ssh-3cf22d8d42c1a44e117e.sh" ; /usr/bin/env git remote update --prune )
  INFO [6215c4a1] Finished in 1.132 seconds with exit status 0 (successful).
 DEBUG [9a2d3818] Running if test ! -d /tmp/gsas_deployment_testing/gsas_sync_staging/repo; then echo "Directory does not exist '/tmp/gsas_deployment_testing/gsas_sync_staging/repo'" 1>&2; false; fi as ldpdserv@diglib-service-prod1.cul.columbia.edu
 DEBUG [9a2d3818] Command: if test ! -d /tmp/gsas_deployment_testing/gsas_sync_staging/repo; then echo "Directory does not exist '/tmp/gsas_deployment_testing/gsas_sync_staging/repo'" 1>&2; false; fi
 DEBUG [9a2d3818] Finished in 0.296 seconds with exit status 0 (successful).
  INFO [f125c8ab] Running /usr/bin/env mkdir -p /tmp/gsas_deployment_testing/gsas_sync_staging/releases/20250703215832 as ldpdserv@diglib-service-prod1.cul.columbia.edu
 DEBUG [f125c8ab] Command: cd /tmp/gsas_deployment_testing/gsas_sync_staging/repo && ( export GIT_ASKPASS="/bin/echo" GIT_SSH="/tmp/git-ssh-3cf22d8d42c1a44e117e.sh" ; /usr/bin/env mkdir -p /tmp/gsas_deployment_testing/gsas_sync_staging/releases/20250703215832 )
  INFO [f125c8ab] Finished in 0.287 seconds with exit status 0 (successful).
  INFO [5f65b22c] Running /usr/bin/env git archive LDPD-451 | /usr/bin/env tar -x -f - -C /tmp/gsas_deployment_testing/gsas_sync_staging/releases/20250703215832 as ldpdserv@diglib-service-prod1.cul.columbia.edu
 DEBUG [5f65b22c] Command: cd /tmp/gsas_deployment_testing/gsas_sync_staging/repo && ( export GIT_ASKPASS="/bin/echo" GIT_SSH="/tmp/git-ssh-3cf22d8d42c1a44e117e.sh" ; /usr/bin/env git archive LDPD-451 | /usr/bin/env tar -x -f - -C /tmp/gsas_deployment_testing/gsas_sync_staging/releases/20250703215832 )
  INFO [5f65b22c] Finished in 0.294 seconds with exit status 0 (successful).
 DEBUG [51c72045] Running if test ! -d /tmp/gsas_deployment_testing/gsas_sync_staging/repo; then echo "Directory does not exist '/tmp/gsas_deployment_testing/gsas_sync_staging/repo'" 1>&2; false; fi as ldpdserv@diglib-service-prod1.cul.columbia.edu
 DEBUG [51c72045] Command: if test ! -d /tmp/gsas_deployment_testing/gsas_sync_staging/repo; then echo "Directory does not exist '/tmp/gsas_deployment_testing/gsas_sync_staging/repo'" 1>&2; false; fi
 DEBUG [51c72045] Finished in 0.300 seconds with exit status 0 (successful).
 DEBUG [48851e61] Running /usr/bin/env git rev-list --max-count=1 LDPD-451 as ldpdserv@diglib-service-prod1.cul.columbia.edu
 DEBUG [48851e61] Command: cd /tmp/gsas_deployment_testing/gsas_sync_staging/repo && ( export GIT_ASKPASS="/bin/echo" GIT_SSH="/tmp/git-ssh-3cf22d8d42c1a44e117e.sh" ; /usr/bin/env git rev-list --max-count=1 LDPD-451 )
 DEBUG [48851e61] 	5485efbe34266224b5835cfbb807f3d37ef2b03f
 DEBUG [48851e61] Finished in 0.327 seconds with exit status 0 (successful).
 DEBUG [cc940736] Running if test ! -d /tmp/gsas_deployment_testing/gsas_sync_staging/releases/20250703215832; then echo "Directory does not exist '/tmp/gsas_deployment_testing/gsas_sync_staging/releases/20250703215832'" 1>&2; false; fi as ldpdserv@diglib-service-prod1.cul.columbia.edu
 DEBUG [cc940736] Command: if test ! -d /tmp/gsas_deployment_testing/gsas_sync_staging/releases/20250703215832; then echo "Directory does not exist '/tmp/gsas_deployment_testing/gsas_sync_staging/releases/20250703215832'" 1>&2; false; fi
 DEBUG [cc940736] Finished in 0.309 seconds with exit status 0 (successful).
  INFO [6a35dc9b] Running /usr/bin/env echo "5485efbe34266224b5835cfbb807f3d37ef2b03f" > REVISION as ldpdserv@diglib-service-prod1.cul.columbia.edu
 DEBUG [6a35dc9b] Command: cd /tmp/gsas_deployment_testing/gsas_sync_staging/releases/20250703215832 && /usr/bin/env echo "5485efbe34266224b5835cfbb807f3d37ef2b03f" > REVISION
  INFO [6a35dc9b] Finished in 0.284 seconds with exit status 0 (successful).
 DEBUG [96b5b79b] Running if test ! -d /tmp/gsas_deployment_testing/gsas_sync_staging/repo; then echo "Directory does not exist '/tmp/gsas_deployment_testing/gsas_sync_staging/repo'" 1>&2; false; fi as ldpdserv@diglib-service-prod1.cul.columbia.edu
 DEBUG [96b5b79b] Command: if test ! -d /tmp/gsas_deployment_testing/gsas_sync_staging/repo; then echo "Directory does not exist '/tmp/gsas_deployment_testing/gsas_sync_staging/repo'" 1>&2; false; fi
 DEBUG [96b5b79b] Finished in 0.268 seconds with exit status 0 (successful).
 DEBUG [d87ab2e5] Running /usr/bin/env git --no-pager log -1 --pretty=format:"%ct" LDPD-451 as ldpdserv@diglib-service-prod1.cul.columbia.edu
 DEBUG [d87ab2e5] Command: cd /tmp/gsas_deployment_testing/gsas_sync_staging/repo && ( export GIT_ASKPASS="/bin/echo" GIT_SSH="/tmp/git-ssh-3cf22d8d42c1a44e117e.sh" ; /usr/bin/env git --no-pager log -1 --pretty=format:"%ct" LDPD-451 )
 DEBUG [d87ab2e5] 	1751578022
 DEBUG [d87ab2e5] Finished in 0.282 seconds with exit status 0 (successful).
 DEBUG [c0a66e38] Running if test ! -d /tmp/gsas_deployment_testing/gsas_sync_staging/releases/20250703215832; then echo "Directory does not exist '/tmp/gsas_deployment_testing/gsas_sync_staging/releases/20250703215832'" 1>&2; false; fi as ldpdserv@diglib-service-prod1.cul.columbia.edu
 DEBUG [c0a66e38] Command: if test ! -d /tmp/gsas_deployment_testing/gsas_sync_staging/releases/20250703215832; then echo "Directory does not exist '/tmp/gsas_deployment_testing/gsas_sync_staging/releases/20250703215832'" 1>&2; false; fi
 DEBUG [c0a66e38] Finished in 0.263 seconds with exit status 0 (successful).
  INFO [ba5142d5] Running /usr/bin/env echo "1751578022" > REVISION_TIME as ldpdserv@diglib-service-prod1.cul.columbia.edu
 DEBUG [ba5142d5] Command: cd /tmp/gsas_deployment_testing/gsas_sync_staging/releases/20250703215832 && /usr/bin/env echo "1751578022" > REVISION_TIME
  INFO [ba5142d5] Finished in 0.264 seconds with exit status 0 (successful).
  INFO [94bc093b] Running /usr/bin/env mkdir -p /tmp/gsas_deployment_testing/gsas_sync_staging/releases/20250703215832/config as ldpdserv@diglib-service-prod1.cul.columbia.edu
 DEBUG [94bc093b] Command: /usr/bin/env mkdir -p /tmp/gsas_deployment_testing/gsas_sync_staging/releases/20250703215832/config
  INFO [94bc093b] Finished in 0.305 seconds with exit status 0 (successful).
 DEBUG [83837a31] Running [ -L /tmp/gsas_deployment_testing/gsas_sync_staging/releases/20250703215832/config/config.yml ] as ldpdserv@diglib-service-prod1.cul.columbia.edu
 DEBUG [83837a31] Command: [ -L /tmp/gsas_deployment_testing/gsas_sync_staging/releases/20250703215832/config/config.yml ]
 DEBUG [83837a31] Finished in 0.278 seconds with exit status 1 (failed).
 DEBUG [38639687] Running [ -f /tmp/gsas_deployment_testing/gsas_sync_staging/releases/20250703215832/config/config.yml ] as ldpdserv@diglib-service-prod1.cul.columbia.edu
 DEBUG [38639687] Command: [ -f /tmp/gsas_deployment_testing/gsas_sync_staging/releases/20250703215832/config/config.yml ]
 DEBUG [38639687] Finished in 0.271 seconds with exit status 1 (failed).
  INFO [f8746b1a] Running /usr/bin/env ln -s /tmp/gsas_deployment_testing/gsas_sync_staging/shared/config/config.yml /tmp/gsas_deployment_testing/gsas_sync_staging/releases/20250703215832/config/config.yml as ldpdserv@diglib-service-prod1.cul.columbia.edu
 DEBUG [f8746b1a] Command: /usr/bin/env ln -s /tmp/gsas_deployment_testing/gsas_sync_staging/shared/config/config.yml /tmp/gsas_deployment_testing/gsas_sync_staging/releases/20250703215832/config/config.yml
  INFO [f8746b1a] Finished in 0.281 seconds with exit status 0 (successful).
  INFO [4adb22c7] Running /usr/bin/env mkdir -p /tmp/gsas_deployment_testing/gsas_sync_staging/releases/20250703215832 as ldpdserv@diglib-service-prod1.cul.columbia.edu
 DEBUG [4adb22c7] Command: /usr/bin/env mkdir -p /tmp/gsas_deployment_testing/gsas_sync_staging/releases/20250703215832
  INFO [4adb22c7] Finished in 0.260 seconds with exit status 0 (successful).
 DEBUG [889b6d97] Running [ -L /tmp/gsas_deployment_testing/gsas_sync_staging/releases/20250703215832/.bundle ] as ldpdserv@diglib-service-prod1.cul.columbia.edu
 DEBUG [889b6d97] Command: [ -L /tmp/gsas_deployment_testing/gsas_sync_staging/releases/20250703215832/.bundle ]
 DEBUG [889b6d97] Finished in 0.269 seconds with exit status 1 (failed).
 DEBUG [937632f0] Running [ -d /tmp/gsas_deployment_testing/gsas_sync_staging/releases/20250703215832/.bundle ] as ldpdserv@diglib-service-prod1.cul.columbia.edu
 DEBUG [937632f0] Command: [ -d /tmp/gsas_deployment_testing/gsas_sync_staging/releases/20250703215832/.bundle ]
 DEBUG [937632f0] Finished in 0.265 seconds with exit status 1 (failed).
  INFO [45bce649] Running /usr/bin/env ln -s /tmp/gsas_deployment_testing/gsas_sync_staging/shared/.bundle /tmp/gsas_deployment_testing/gsas_sync_staging/releases/20250703215832/.bundle as ldpdserv@diglib-service-prod1.cul.columbia.edu
 DEBUG [45bce649] Command: /usr/bin/env ln -s /tmp/gsas_deployment_testing/gsas_sync_staging/shared/.bundle /tmp/gsas_deployment_testing/gsas_sync_staging/releases/20250703215832/.bundle
  INFO [45bce649] Finished in 0.262 seconds with exit status 0 (successful).
 DEBUG [5d0d70bc] Running if test ! -d /tmp/gsas_deployment_testing/gsas_sync_staging/releases/20250703215832; then echo "Directory does not exist '/tmp/gsas_deployment_testing/gsas_sync_staging/releases/20250703215832'" 1>&2; false; fi as ldpdserv@diglib-service-prod1.cul.columbia.edu
 DEBUG [5d0d70bc] Command: if test ! -d /tmp/gsas_deployment_testing/gsas_sync_staging/releases/20250703215832; then echo "Directory does not exist '/tmp/gsas_deployment_testing/gsas_sync_staging/releases/20250703215832'" 1>&2; false; fi
 DEBUG [5d0d70bc] Finished in 0.242 seconds with exit status 0 (successful).
  INFO [675ff2a8] Running ~/.rvm-alma8/bin/rvm gsas_sync_staging do bundle config --local deployment true as ldpdserv@diglib-service-prod1.cul.columbia.edu
 DEBUG [675ff2a8] Command: cd /tmp/gsas_deployment_testing/gsas_sync_staging/releases/20250703215832 && ~/.rvm-alma8/bin/rvm gsas_sync_staging do bundle config --local deployment true
  INFO [675ff2a8] Finished in 2.502 seconds with exit status 0 (successful).
  INFO [e5b0ab50] Running ~/.rvm-alma8/bin/rvm gsas_sync_staging do bundle config --local path /tmp/gsas_deployment_testing/gsas_sync_staging/shared/bundle as ldpdserv@diglib-service-prod1.cul.columbia.edu
 DEBUG [e5b0ab50] Command: cd /tmp/gsas_deployment_testing/gsas_sync_staging/releases/20250703215832 && ~/.rvm-alma8/bin/rvm gsas_sync_staging do bundle config --local path /tmp/gsas_deployment_testing/gsas_sync_staging/shared/bundle
  INFO [e5b0ab50] Finished in 1.376 seconds with exit status 0 (successful).
  INFO [1230fe27] Running ~/.rvm-alma8/bin/rvm gsas_sync_staging do bundle config --local without development:test as ldpdserv@diglib-service-prod1.cul.columbia.edu
 DEBUG [1230fe27] Command: cd /tmp/gsas_deployment_testing/gsas_sync_staging/releases/20250703215832 && ~/.rvm-alma8/bin/rvm gsas_sync_staging do bundle config --local without development:test
  INFO [1230fe27] Finished in 1.339 seconds with exit status 0 (successful).
 DEBUG [c7d850fc] Running if test ! -d /tmp/gsas_deployment_testing/gsas_sync_staging/releases/20250703215832; then echo "Directory does not exist '/tmp/gsas_deployment_testing/gsas_sync_staging/releases/20250703215832'" 1>&2; false; fi as ldpdserv@diglib-service-prod1.cul.columbia.edu
 DEBUG [c7d850fc] Command: if test ! -d /tmp/gsas_deployment_testing/gsas_sync_staging/releases/20250703215832; then echo "Directory does not exist '/tmp/gsas_deployment_testing/gsas_sync_staging/releases/20250703215832'" 1>&2; false; fi
 DEBUG [c7d850fc] Finished in 0.226 seconds with exit status 0 (successful).
 DEBUG [06c400a9] Running ~/.rvm-alma8/bin/rvm gsas_sync_staging do bundle check as ldpdserv@diglib-service-prod1.cul.columbia.edu
 DEBUG [06c400a9] Command: cd /tmp/gsas_deployment_testing/gsas_sync_staging/releases/20250703215832 && ~/.rvm-alma8/bin/rvm gsas_sync_staging do bundle check
 DEBUG [06c400a9] 	The Gemfile's dependencies are satisfied
 DEBUG [06c400a9] Finished in 1.443 seconds with exit status 0 (successful).
  INFO The Gemfile's dependencies are satisfied, skipping installation
 DEBUG [99e9e3ba] Running if test ! -d /tmp/gsas_deployment_testing/gsas_sync_staging/releases/20250703215832; then echo "Directory does not exist '/tmp/gsas_deployment_testing/gsas_sync_staging/releases/20250703215832'" 1>&2; false; fi as ldpdserv@diglib-service-prod1.cul.columbia.edu
 DEBUG [99e9e3ba] Command: if test ! -d /tmp/gsas_deployment_testing/gsas_sync_staging/releases/20250703215832; then echo "Directory does not exist '/tmp/gsas_deployment_testing/gsas_sync_staging/releases/20250703215832'" 1>&2; false; fi
 DEBUG [99e9e3ba] Finished in 0.213 seconds with exit status 0 (successful).
  INFO [6674fbe7] Running ~/.rvm-alma8/bin/rvm gsas_sync_staging do bundle exec whenever --update-crontab gsas_sync_staging --set environment=staging --roles=app  as ldpdserv@diglib-service-prod1.cul.columbia.edu
 DEBUG [6674fbe7] Command: cd /tmp/gsas_deployment_testing/gsas_sync_staging/releases/20250703215832 && ( export RAILS_ENV="staging" ; ~/.rvm-alma8/bin/rvm gsas_sync_staging do bundle exec whenever --update-crontab gsas_sync_staging --set environment=staging --roles=app  )
 DEBUG [6674fbe7] 	bundler: failed to load command: whenever (/tmp/gsas_deployment_testing/gsas_sync_staging/shared/bundle/ruby/3.2.0/bin/whenever)
/tmp/gsas_deployment_testing/gsas_sync_staging/shared/bundle/ruby/3.2.0/gems/whenever-1.0.0/lib/whenever/cron.rb:150:in `parse_as_string': Couldn't parse: :second (ArgumentError)

        raise ArgumentError, "Couldn't parse: #{@time.inspect}"
              ^^^^^^^^^^^^^^^^^^^^^^^^^^^^^^^^^^^^^^^^^^^^^^^^^
	from /tmp/gsas_deployment_testing/gsas_sync_staging/shared/bundle/ruby/3.2.0/gems/whenever-1.0.0/lib/whenever/cron.rb:85:in `parse_symbol'
	from /tmp/gsas_deployment_testing/gsas_sync_staging/shared/bundle/ruby/3.2.0/gems/whenever-1.0.0/lib/whenever/cron.rb:53:in `time_in_cron_syntax'
	from /tmp/gsas_deployment_testing/gsas_sync_staging/shared/bundle/ruby/3.2.0/gems/whenever-1.0.0/lib/whenever/cron.rb:46:in `output'
	from /tmp/gsas_deployment_testing/gsas_sync_staging/shared/bundle/ruby/3.2.0/gems/whenever-1.0.0/lib/whenever/cron.rb:40:in `block (2 levels) in output'
	from /tmp/gsas_deployment_testing/gsas_sync_staging/shared/bundle/ruby/3.2.0/gems/whenever-1.0.0/lib/whenever/cron.rb:39:in `each'
	from /tmp/gsas_deployment_testing/gsas_sync_staging/shared/bundle/ruby/3.2.0/gems/whenever-1.0.0/lib/whenever/cron.rb:39:in `block in output'
	from /tmp/gsas_deployment_testing/gsas_sync_staging/shared/bundle/ruby/3.2.0/gems/whenever-1.0.0/lib/whenever/cron.rb:38:in `each'
	from /tmp/gsas_deployment_testing/gsas_sync_staging/shared/bundle/ruby/3.2.0/gems/whenever-1.0.0/lib/whenever/cron.rb:38:in `output'
	from /tmp/gsas_deployment_testing/gsas_sync_staging/shared/bundle/ruby/3.2.0/gems/whenever-1.0.0/lib/whenever/job_list.rb:145:in `block in cron_jobs_of_time'
	from /tmp/gsas_deployment_testing/gsas_sync_staging/shared/bundle/ruby/3.2.0/gems/whenever-1.0.0/lib/whenever/job_list.rb:141:in `each'
	from /tmp/gsas_deployment_testing/gsas_sync_staging/shared/bundle/ruby/3.2.0/gems/whenever-1.0.0/lib/whenever/job_list.rb:141:in `cron_jobs_of_time'
	from /tmp/gsas_deployment_testing/gsas_sync_staging/shared/bundle/ruby/3.2.0/gems/whenever-1.0.0/lib/whenever/job_list.rb:166:in `block in cron_jobs'
	from /tmp/gsas_deployment_testing/gsas_sync_staging/shared/bundle/ruby/3.2.0/gems/whenever-1.0.0/lib/whenever/job_list.rb:165:in `each'
	from /tmp/gsas_deployment_testing/gsas_sync_staging/shared/bundle/ruby/3.2.0/gems/whenever-1.0.0/lib/whenever/job_list.rb:165:in `cron_jobs'
	from /tmp/gsas_deployment_testing/gsas_sync_staging/shared/bundle/ruby/3.2.0/gems/whenever-1.0.0/lib/whenever/job_list.rb:75:in `generate_cron_output'
	from /tmp/gsas_deployment_testing/gsas_sync_staging/shared/bundle/ruby/3.2.0/gems/whenever-1.0.0/lib/whenever.rb:12:in `cron'
	from /tmp/gsas_deployment_testing/gsas_sync_staging/shared/bundle/ruby/3.2.0/gems/whenever-1.0.0/lib/whenever/command_line.rb:57:in `whenever_cron'
	from /tmp/gsas_deployment_testing/gsas_sync_staging/shared/bundle/ruby/3.2.0/gems/whenever-1.0.0/lib/whenever/command_line.rb:111:in `updated_crontab'
	from /tmp/gsas_deployment_testing/gsas_sync_staging/shared/bundle/ruby/3.2.0/gems/whenever-1.0.0/lib/whenever/command_line.rb:38:in `run'
	from /tmp/gsas_deployment_testing/gsas_sync_staging/shared/bundle/ruby/3.2.0/gems/whenever-1.0.0/lib/whenever/command_line.rb:6:in `execute'
	from /tmp/gsas_deployment_testing/gsas_sync_staging/shared/bundle/ruby/3.2.0/gems/whenever-1.0.0/bin/whenever:44:in `<top (required)>'
	from /tmp/gsas_deployment_testing/gsas_sync_staging/shared/bundle/ruby/3.2.0/bin/whenever:25:in `load'
	from /tmp/gsas_deployment_testing/gsas_sync_staging/shared/bundle/ruby/3.2.0/bin/whenever:25:in `<top (required)>'
	from /tmp/gsas_deployment_testing/gsas_sync_staging/shared/bundle/ruby/3.2.0/gems/bundler-2.6.5/lib/bundler/cli/exec.rb:59:in `load'
	from /tmp/gsas_deployment_testing/gsas_sync_staging/shared/bundle/ruby/3.2.0/gems/bundler-2.6.5/lib/bundler/cli/exec.rb:59:in `kernel_load'
	from /tmp/gsas_deployment_testing/gsas_sync_staging/shared/bundle/ruby/3.2.0/gems/bundler-2.6.5/lib/bundler/cli/exec.rb:23:in `run'
	from /tmp/gsas_deployment_testing/gsas_sync_staging/shared/bundle/ruby/3.2.0/gems/bundler-2.6.5/lib/bundler/cli.rb:452:in `exec'
	from /tmp/gsas_deployment_testing/gsas_sync_staging/shared/bundle/ruby/3.2.0/gems/bundler-2.6.5/lib/bundler/vendor/thor/lib/thor/command.rb:28:in `run'
	from /tmp/gsas_deployment_testing/gsas_sync_staging/shared/bundle/ruby/3.2.0/gems/bundler-2.6.5/lib/bundler/vendor/thor/lib/thor/invocation.rb:127:in `invoke_command'
	from /tmp/gsas_deployment_testing/gsas_sync_staging/shared/bundle/ruby/3.2.0/gems/bundler-2.6.5/lib/bundler/vendor/thor/lib/thor.rb:538:in `dispatch'
	from /tmp/gsas_deployment_testing/gsas_sync_staging/shared/bundle/ruby/3.2.0/gems/bundler-2.6.5/lib/bundler/cli.rb:35:in `dispatch'
	from /tmp/gsas_deployment_testing/gsas_sync_staging/shared/bundle/ruby/3.2.0/gems/bundler-2.6.5/lib/bundler/vendor/thor/lib/thor/base.rb:584:in `start'
	from /tmp/gsas_deployment_testing/gsas_sync_staging/shared/bundle/ruby/3.2.0/gems/bundler-2.6.5/lib/bundler/cli.rb:29:in `start'
	from /tmp/gsas_deployment_testing/gsas_sync_staging/shared/bundle/ruby/3.2.0/gems/bundler-2.6.5/exe/bundle:28:in `block in <top (required)>'
	from /tmp/gsas_deployment_testing/gsas_sync_staging/shared/bundle/ruby/3.2.0/gems/bundler-2.6.5/lib/bundler/friendly_errors.rb:117:in `with_friendly_errors'
	from /tmp/gsas_deployment_testing/gsas_sync_staging/shared/bundle/ruby/3.2.0/gems/bundler-2.6.5/exe/bundle:20:in `<top (required)>'
	from /home/ldpdserv/.rvm-alma8/gems/ruby-3.2.2/bin/bundle:25:in `load'
	from /home/ldpdserv/.rvm-alma8/gems/ruby-3.2.2/bin/bundle:25:in `<main>'
  INFO ---------------------------------------------------------------------------
  INFO START 2025-07-03 17:59:04 -0400 cap staging deploy
  INFO ---------------------------------------------------------------------------
  INFO [44927ba0] Running /usr/bin/env mkdir -p /tmp as ldpdserv@diglib-service-prod1.cul.columbia.edu
 DEBUG [44927ba0] Command: /usr/bin/env mkdir -p /tmp
  INFO [44927ba0] Finished in 0.743 seconds with exit status 0 (successful).
 DEBUG Uploading /tmp/git-ssh-0da33600d76bbe59b9aa.sh 0.0%
  INFO Uploading /tmp/git-ssh-0da33600d76bbe59b9aa.sh 100.0%
  INFO [43fd1ae3] Running /usr/bin/env chmod 700 /tmp/git-ssh-0da33600d76bbe59b9aa.sh as ldpdserv@diglib-service-prod1.cul.columbia.edu
 DEBUG [43fd1ae3] Command: /usr/bin/env chmod 700 /tmp/git-ssh-0da33600d76bbe59b9aa.sh
  INFO [43fd1ae3] Finished in 0.256 seconds with exit status 0 (successful).
  INFO [db3ebcc1] Running /usr/bin/env git ls-remote git@github.com:cul/gsas_sync.git/ HEAD as ldpdserv@diglib-service-prod1.cul.columbia.edu
 DEBUG [db3ebcc1] Command: ( export GIT_ASKPASS="/bin/echo" GIT_SSH="/tmp/git-ssh-0da33600d76bbe59b9aa.sh" ; /usr/bin/env git ls-remote git@github.com:cul/gsas_sync.git/ HEAD )
 DEBUG [db3ebcc1] 	5485efbe34266224b5835cfbb807f3d37ef2b03f	HEAD
  INFO [db3ebcc1] Finished in 1.077 seconds with exit status 0 (successful).
  INFO [63eef4d3] Running /usr/bin/env mkdir -p /tmp/gsas_deployment_testing/gsas_sync_staging/shared /tmp/gsas_deployment_testing/gsas_sync_staging/releases as ldpdserv@diglib-service-prod1.cul.columbia.edu
 DEBUG [63eef4d3] Command: /usr/bin/env mkdir -p /tmp/gsas_deployment_testing/gsas_sync_staging/shared /tmp/gsas_deployment_testing/gsas_sync_staging/releases
  INFO [63eef4d3] Finished in 0.239 seconds with exit status 0 (successful).
  INFO [73ffaaf5] Running /usr/bin/env mkdir -p /tmp/gsas_deployment_testing/gsas_sync_staging/shared/.bundle as ldpdserv@diglib-service-prod1.cul.columbia.edu
 DEBUG [73ffaaf5] Command: /usr/bin/env mkdir -p /tmp/gsas_deployment_testing/gsas_sync_staging/shared/.bundle
  INFO [73ffaaf5] Finished in 0.250 seconds with exit status 0 (successful).
  INFO [2ebf15ea] Running /usr/bin/env mkdir -p /tmp/gsas_deployment_testing/gsas_sync_staging/shared/config as ldpdserv@diglib-service-prod1.cul.columbia.edu
 DEBUG [2ebf15ea] Command: /usr/bin/env mkdir -p /tmp/gsas_deployment_testing/gsas_sync_staging/shared/config
  INFO [2ebf15ea] Finished in 0.238 seconds with exit status 0 (successful).
 DEBUG [4ff2b065] Running [ -f /tmp/gsas_deployment_testing/gsas_sync_staging/shared/config/config.yml ] as ldpdserv@diglib-service-prod1.cul.columbia.edu
 DEBUG [4ff2b065] Command: [ -f /tmp/gsas_deployment_testing/gsas_sync_staging/shared/config/config.yml ]
 DEBUG [4ff2b065] Finished in 0.232 seconds with exit status 0 (successful).
 DEBUG [842373dd] Running [ -f /tmp/gsas_deployment_testing/gsas_sync_staging/current/REVISION ] as ldpdserv@diglib-service-prod1.cul.columbia.edu
 DEBUG [842373dd] Command: [ -f /tmp/gsas_deployment_testing/gsas_sync_staging/current/REVISION ]
 DEBUG [842373dd] Finished in 0.250 seconds with exit status 0 (successful).
 DEBUG [1398a6f5] Running /usr/bin/env cat /tmp/gsas_deployment_testing/gsas_sync_staging/current/REVISION 2>/dev/null as ldpdserv@diglib-service-prod1.cul.columbia.edu
 DEBUG [1398a6f5] Command: /usr/bin/env cat /tmp/gsas_deployment_testing/gsas_sync_staging/current/REVISION 2>/dev/null
 DEBUG [1398a6f5] 	5485efbe34266224b5835cfbb807f3d37ef2b03f
 DEBUG [1398a6f5] Finished in 0.259 seconds with exit status 0 (successful).
 DEBUG [ea279f0d] Running [ -f /tmp/gsas_deployment_testing/gsas_sync_staging/current/REVISION_TIME ] as ldpdserv@diglib-service-prod1.cul.columbia.edu
 DEBUG [ea279f0d] Command: [ -f /tmp/gsas_deployment_testing/gsas_sync_staging/current/REVISION_TIME ]
 DEBUG [ea279f0d] Finished in 0.234 seconds with exit status 0 (successful).
 DEBUG [3ac35f19] Running /usr/bin/env cat /tmp/gsas_deployment_testing/gsas_sync_staging/current/REVISION_TIME 2>/dev/null as ldpdserv@diglib-service-prod1.cul.columbia.edu
 DEBUG [3ac35f19] Command: /usr/bin/env cat /tmp/gsas_deployment_testing/gsas_sync_staging/current/REVISION_TIME 2>/dev/null
 DEBUG [3ac35f19] 	1751578022
 DEBUG [3ac35f19] Finished in 0.249 seconds with exit status 0 (successful).
 DEBUG [4534fd75] Running [ -f /tmp/gsas_deployment_testing/gsas_sync_staging/repo/HEAD ] as ldpdserv@diglib-service-prod1.cul.columbia.edu
 DEBUG [4534fd75] Command: [ -f /tmp/gsas_deployment_testing/gsas_sync_staging/repo/HEAD ]
 DEBUG [4534fd75] Finished in 0.247 seconds with exit status 0 (successful).
  INFO The repository mirror is at /tmp/gsas_deployment_testing/gsas_sync_staging/repo
 DEBUG [4ca57a77] Running if test ! -d /tmp/gsas_deployment_testing/gsas_sync_staging/repo; then echo "Directory does not exist '/tmp/gsas_deployment_testing/gsas_sync_staging/repo'" 1>&2; false; fi as ldpdserv@diglib-service-prod1.cul.columbia.edu
 DEBUG [4ca57a77] Command: if test ! -d /tmp/gsas_deployment_testing/gsas_sync_staging/repo; then echo "Directory does not exist '/tmp/gsas_deployment_testing/gsas_sync_staging/repo'" 1>&2; false; fi
 DEBUG [4ca57a77] Finished in 0.250 seconds with exit status 0 (successful).
  INFO [5f9ac7a8] Running /usr/bin/env git remote set-url origin git@github.com:cul/gsas_sync.git/ as ldpdserv@diglib-service-prod1.cul.columbia.edu
 DEBUG [5f9ac7a8] Command: cd /tmp/gsas_deployment_testing/gsas_sync_staging/repo && ( export GIT_ASKPASS="/bin/echo" GIT_SSH="/tmp/git-ssh-0da33600d76bbe59b9aa.sh" ; /usr/bin/env git remote set-url origin git@github.com:cul/gsas_sync.git/ )
  INFO [5f9ac7a8] Finished in 0.274 seconds with exit status 0 (successful).
  INFO [4c71830a] Running /usr/bin/env git remote update --prune as ldpdserv@diglib-service-prod1.cul.columbia.edu
 DEBUG [4c71830a] Command: cd /tmp/gsas_deployment_testing/gsas_sync_staging/repo && ( export GIT_ASKPASS="/bin/echo" GIT_SSH="/tmp/git-ssh-0da33600d76bbe59b9aa.sh" ; /usr/bin/env git remote update --prune )
  INFO [4c71830a] Finished in 1.006 seconds with exit status 0 (successful).
 DEBUG [371418fb] Running if test ! -d /tmp/gsas_deployment_testing/gsas_sync_staging/repo; then echo "Directory does not exist '/tmp/gsas_deployment_testing/gsas_sync_staging/repo'" 1>&2; false; fi as ldpdserv@diglib-service-prod1.cul.columbia.edu
 DEBUG [371418fb] Command: if test ! -d /tmp/gsas_deployment_testing/gsas_sync_staging/repo; then echo "Directory does not exist '/tmp/gsas_deployment_testing/gsas_sync_staging/repo'" 1>&2; false; fi
 DEBUG [371418fb] Finished in 0.256 seconds with exit status 0 (successful).
  INFO [9a3ae4ba] Running /usr/bin/env mkdir -p /tmp/gsas_deployment_testing/gsas_sync_staging/releases/20250703215909 as ldpdserv@diglib-service-prod1.cul.columbia.edu
 DEBUG [9a3ae4ba] Command: cd /tmp/gsas_deployment_testing/gsas_sync_staging/repo && ( export GIT_ASKPASS="/bin/echo" GIT_SSH="/tmp/git-ssh-0da33600d76bbe59b9aa.sh" ; /usr/bin/env mkdir -p /tmp/gsas_deployment_testing/gsas_sync_staging/releases/20250703215909 )
  INFO [9a3ae4ba] Finished in 0.284 seconds with exit status 0 (successful).
  INFO [74b253de] Running /usr/bin/env git archive LDPD-451 | /usr/bin/env tar -x -f - -C /tmp/gsas_deployment_testing/gsas_sync_staging/releases/20250703215909 as ldpdserv@diglib-service-prod1.cul.columbia.edu
 DEBUG [74b253de] Command: cd /tmp/gsas_deployment_testing/gsas_sync_staging/repo && ( export GIT_ASKPASS="/bin/echo" GIT_SSH="/tmp/git-ssh-0da33600d76bbe59b9aa.sh" ; /usr/bin/env git archive LDPD-451 | /usr/bin/env tar -x -f - -C /tmp/gsas_deployment_testing/gsas_sync_staging/releases/20250703215909 )
  INFO [74b253de] Finished in 0.270 seconds with exit status 0 (successful).
 DEBUG [5581c6b2] Running if test ! -d /tmp/gsas_deployment_testing/gsas_sync_staging/repo; then echo "Directory does not exist '/tmp/gsas_deployment_testing/gsas_sync_staging/repo'" 1>&2; false; fi as ldpdserv@diglib-service-prod1.cul.columbia.edu
 DEBUG [5581c6b2] Command: if test ! -d /tmp/gsas_deployment_testing/gsas_sync_staging/repo; then echo "Directory does not exist '/tmp/gsas_deployment_testing/gsas_sync_staging/repo'" 1>&2; false; fi
 DEBUG [5581c6b2] Finished in 0.249 seconds with exit status 0 (successful).
 DEBUG [4d3aef74] Running /usr/bin/env git rev-list --max-count=1 LDPD-451 as ldpdserv@diglib-service-prod1.cul.columbia.edu
 DEBUG [4d3aef74] Command: cd /tmp/gsas_deployment_testing/gsas_sync_staging/repo && ( export GIT_ASKPASS="/bin/echo" GIT_SSH="/tmp/git-ssh-0da33600d76bbe59b9aa.sh" ; /usr/bin/env git rev-list --max-count=1 LDPD-451 )
 DEBUG [4d3aef74] 	5485efbe34266224b5835cfbb807f3d37ef2b03f
 DEBUG [4d3aef74] Finished in 0.272 seconds with exit status 0 (successful).
 DEBUG [f750157e] Running if test ! -d /tmp/gsas_deployment_testing/gsas_sync_staging/releases/20250703215909; then echo "Directory does not exist '/tmp/gsas_deployment_testing/gsas_sync_staging/releases/20250703215909'" 1>&2; false; fi as ldpdserv@diglib-service-prod1.cul.columbia.edu
 DEBUG [f750157e] Command: if test ! -d /tmp/gsas_deployment_testing/gsas_sync_staging/releases/20250703215909; then echo "Directory does not exist '/tmp/gsas_deployment_testing/gsas_sync_staging/releases/20250703215909'" 1>&2; false; fi
 DEBUG [f750157e] Finished in 0.250 seconds with exit status 0 (successful).
  INFO [e7d983f6] Running /usr/bin/env echo "5485efbe34266224b5835cfbb807f3d37ef2b03f" > REVISION as ldpdserv@diglib-service-prod1.cul.columbia.edu
 DEBUG [e7d983f6] Command: cd /tmp/gsas_deployment_testing/gsas_sync_staging/releases/20250703215909 && /usr/bin/env echo "5485efbe34266224b5835cfbb807f3d37ef2b03f" > REVISION
  INFO [e7d983f6] Finished in 0.232 seconds with exit status 0 (successful).
 DEBUG [b1def6d5] Running if test ! -d /tmp/gsas_deployment_testing/gsas_sync_staging/repo; then echo "Directory does not exist '/tmp/gsas_deployment_testing/gsas_sync_staging/repo'" 1>&2; false; fi as ldpdserv@diglib-service-prod1.cul.columbia.edu
 DEBUG [b1def6d5] Command: if test ! -d /tmp/gsas_deployment_testing/gsas_sync_staging/repo; then echo "Directory does not exist '/tmp/gsas_deployment_testing/gsas_sync_staging/repo'" 1>&2; false; fi
 DEBUG [b1def6d5] Finished in 0.239 seconds with exit status 0 (successful).
 DEBUG [6a673a75] Running /usr/bin/env git --no-pager log -1 --pretty=format:"%ct" LDPD-451 as ldpdserv@diglib-service-prod1.cul.columbia.edu
 DEBUG [6a673a75] Command: cd /tmp/gsas_deployment_testing/gsas_sync_staging/repo && ( export GIT_ASKPASS="/bin/echo" GIT_SSH="/tmp/git-ssh-0da33600d76bbe59b9aa.sh" ; /usr/bin/env git --no-pager log -1 --pretty=format:"%ct" LDPD-451 )
 DEBUG [6a673a75] 	1751578022
 DEBUG [6a673a75] Finished in 0.265 seconds with exit status 0 (successful).
 DEBUG [5508f8f9] Running if test ! -d /tmp/gsas_deployment_testing/gsas_sync_staging/releases/20250703215909; then echo "Directory does not exist '/tmp/gsas_deployment_testing/gsas_sync_staging/releases/20250703215909'" 1>&2; false; fi as ldpdserv@diglib-service-prod1.cul.columbia.edu
 DEBUG [5508f8f9] Command: if test ! -d /tmp/gsas_deployment_testing/gsas_sync_staging/releases/20250703215909; then echo "Directory does not exist '/tmp/gsas_deployment_testing/gsas_sync_staging/releases/20250703215909'" 1>&2; false; fi
 DEBUG [5508f8f9] Finished in 0.252 seconds with exit status 0 (successful).
  INFO [18c893a7] Running /usr/bin/env echo "1751578022" > REVISION_TIME as ldpdserv@diglib-service-prod1.cul.columbia.edu
 DEBUG [18c893a7] Command: cd /tmp/gsas_deployment_testing/gsas_sync_staging/releases/20250703215909 && /usr/bin/env echo "1751578022" > REVISION_TIME
  INFO [18c893a7] Finished in 0.244 seconds with exit status 0 (successful).
  INFO [2f491a50] Running /usr/bin/env mkdir -p /tmp/gsas_deployment_testing/gsas_sync_staging/releases/20250703215909/config as ldpdserv@diglib-service-prod1.cul.columbia.edu
 DEBUG [2f491a50] Command: /usr/bin/env mkdir -p /tmp/gsas_deployment_testing/gsas_sync_staging/releases/20250703215909/config
  INFO [2f491a50] Finished in 0.239 seconds with exit status 0 (successful).
 DEBUG [1630f0ec] Running [ -L /tmp/gsas_deployment_testing/gsas_sync_staging/releases/20250703215909/config/config.yml ] as ldpdserv@diglib-service-prod1.cul.columbia.edu
 DEBUG [1630f0ec] Command: [ -L /tmp/gsas_deployment_testing/gsas_sync_staging/releases/20250703215909/config/config.yml ]
 DEBUG [1630f0ec] Finished in 0.252 seconds with exit status 1 (failed).
 DEBUG [6c0a8164] Running [ -f /tmp/gsas_deployment_testing/gsas_sync_staging/releases/20250703215909/config/config.yml ] as ldpdserv@diglib-service-prod1.cul.columbia.edu
 DEBUG [6c0a8164] Command: [ -f /tmp/gsas_deployment_testing/gsas_sync_staging/releases/20250703215909/config/config.yml ]
 DEBUG [6c0a8164] Finished in 0.236 seconds with exit status 1 (failed).
  INFO [42ab5190] Running /usr/bin/env ln -s /tmp/gsas_deployment_testing/gsas_sync_staging/shared/config/config.yml /tmp/gsas_deployment_testing/gsas_sync_staging/releases/20250703215909/config/config.yml as ldpdserv@diglib-service-prod1.cul.columbia.edu
 DEBUG [42ab5190] Command: /usr/bin/env ln -s /tmp/gsas_deployment_testing/gsas_sync_staging/shared/config/config.yml /tmp/gsas_deployment_testing/gsas_sync_staging/releases/20250703215909/config/config.yml
  INFO [42ab5190] Finished in 0.245 seconds with exit status 0 (successful).
  INFO [6caaa6ed] Running /usr/bin/env mkdir -p /tmp/gsas_deployment_testing/gsas_sync_staging/releases/20250703215909 as ldpdserv@diglib-service-prod1.cul.columbia.edu
 DEBUG [6caaa6ed] Command: /usr/bin/env mkdir -p /tmp/gsas_deployment_testing/gsas_sync_staging/releases/20250703215909
  INFO [6caaa6ed] Finished in 0.257 seconds with exit status 0 (successful).
 DEBUG [67dca05e] Running [ -L /tmp/gsas_deployment_testing/gsas_sync_staging/releases/20250703215909/.bundle ] as ldpdserv@diglib-service-prod1.cul.columbia.edu
 DEBUG [67dca05e] Command: [ -L /tmp/gsas_deployment_testing/gsas_sync_staging/releases/20250703215909/.bundle ]
 DEBUG [67dca05e] Finished in 0.240 seconds with exit status 1 (failed).
 DEBUG [10552899] Running [ -d /tmp/gsas_deployment_testing/gsas_sync_staging/releases/20250703215909/.bundle ] as ldpdserv@diglib-service-prod1.cul.columbia.edu
 DEBUG [10552899] Command: [ -d /tmp/gsas_deployment_testing/gsas_sync_staging/releases/20250703215909/.bundle ]
 DEBUG [10552899] Finished in 0.230 seconds with exit status 1 (failed).
  INFO [61fe9ccc] Running /usr/bin/env ln -s /tmp/gsas_deployment_testing/gsas_sync_staging/shared/.bundle /tmp/gsas_deployment_testing/gsas_sync_staging/releases/20250703215909/.bundle as ldpdserv@diglib-service-prod1.cul.columbia.edu
 DEBUG [61fe9ccc] Command: /usr/bin/env ln -s /tmp/gsas_deployment_testing/gsas_sync_staging/shared/.bundle /tmp/gsas_deployment_testing/gsas_sync_staging/releases/20250703215909/.bundle
  INFO [61fe9ccc] Finished in 0.256 seconds with exit status 0 (successful).
 DEBUG [c46cb597] Running if test ! -d /tmp/gsas_deployment_testing/gsas_sync_staging/releases/20250703215909; then echo "Directory does not exist '/tmp/gsas_deployment_testing/gsas_sync_staging/releases/20250703215909'" 1>&2; false; fi as ldpdserv@diglib-service-prod1.cul.columbia.edu
 DEBUG [c46cb597] Command: if test ! -d /tmp/gsas_deployment_testing/gsas_sync_staging/releases/20250703215909; then echo "Directory does not exist '/tmp/gsas_deployment_testing/gsas_sync_staging/releases/20250703215909'" 1>&2; false; fi
 DEBUG [c46cb597] Finished in 0.247 seconds with exit status 0 (successful).
  INFO [cbd5969d] Running ~/.rvm-alma8/bin/rvm gsas_sync_staging do bundle config --local deployment true as ldpdserv@diglib-service-prod1.cul.columbia.edu
 DEBUG [cbd5969d] Command: cd /tmp/gsas_deployment_testing/gsas_sync_staging/releases/20250703215909 && ~/.rvm-alma8/bin/rvm gsas_sync_staging do bundle config --local deployment true
  INFO [cbd5969d] Finished in 1.960 seconds with exit status 0 (successful).
  INFO [5fa4a32d] Running ~/.rvm-alma8/bin/rvm gsas_sync_staging do bundle config --local path /tmp/gsas_deployment_testing/gsas_sync_staging/shared/bundle as ldpdserv@diglib-service-prod1.cul.columbia.edu
 DEBUG [5fa4a32d] Command: cd /tmp/gsas_deployment_testing/gsas_sync_staging/releases/20250703215909 && ~/.rvm-alma8/bin/rvm gsas_sync_staging do bundle config --local path /tmp/gsas_deployment_testing/gsas_sync_staging/shared/bundle
  INFO [5fa4a32d] Finished in 1.235 seconds with exit status 0 (successful).
  INFO [5613653d] Running ~/.rvm-alma8/bin/rvm gsas_sync_staging do bundle config --local without development:test as ldpdserv@diglib-service-prod1.cul.columbia.edu
 DEBUG [5613653d] Command: cd /tmp/gsas_deployment_testing/gsas_sync_staging/releases/20250703215909 && ~/.rvm-alma8/bin/rvm gsas_sync_staging do bundle config --local without development:test
  INFO [5613653d] Finished in 1.232 seconds with exit status 0 (successful).
 DEBUG [4d16cc4f] Running if test ! -d /tmp/gsas_deployment_testing/gsas_sync_staging/releases/20250703215909; then echo "Directory does not exist '/tmp/gsas_deployment_testing/gsas_sync_staging/releases/20250703215909'" 1>&2; false; fi as ldpdserv@diglib-service-prod1.cul.columbia.edu
 DEBUG [4d16cc4f] Command: if test ! -d /tmp/gsas_deployment_testing/gsas_sync_staging/releases/20250703215909; then echo "Directory does not exist '/tmp/gsas_deployment_testing/gsas_sync_staging/releases/20250703215909'" 1>&2; false; fi
 DEBUG [4d16cc4f] Finished in 0.214 seconds with exit status 0 (successful).
 DEBUG [a80d738b] Running ~/.rvm-alma8/bin/rvm gsas_sync_staging do bundle check as ldpdserv@diglib-service-prod1.cul.columbia.edu
 DEBUG [a80d738b] Command: cd /tmp/gsas_deployment_testing/gsas_sync_staging/releases/20250703215909 && ~/.rvm-alma8/bin/rvm gsas_sync_staging do bundle check
 DEBUG [a80d738b] 	The Gemfile's dependencies are satisfied
 DEBUG [a80d738b] Finished in 1.328 seconds with exit status 0 (successful).
  INFO The Gemfile's dependencies are satisfied, skipping installation
 DEBUG [0852a70b] Running if test ! -d /tmp/gsas_deployment_testing/gsas_sync_staging/releases/20250703215909; then echo "Directory does not exist '/tmp/gsas_deployment_testing/gsas_sync_staging/releases/20250703215909'" 1>&2; false; fi as ldpdserv@diglib-service-prod1.cul.columbia.edu
 DEBUG [0852a70b] Command: if test ! -d /tmp/gsas_deployment_testing/gsas_sync_staging/releases/20250703215909; then echo "Directory does not exist '/tmp/gsas_deployment_testing/gsas_sync_staging/releases/20250703215909'" 1>&2; false; fi
 DEBUG [0852a70b] Finished in 0.218 seconds with exit status 0 (successful).
  INFO [acec78ad] Running ~/.rvm-alma8/bin/rvm gsas_sync_staging do bundle exec whenever --update-crontab gsas_sync_staging --set environment=staging --roles=app  as ldpdserv@diglib-service-prod1.cul.columbia.edu
 DEBUG [acec78ad] Command: cd /tmp/gsas_deployment_testing/gsas_sync_staging/releases/20250703215909 && ( export RAILS_ENV="staging" ; ~/.rvm-alma8/bin/rvm gsas_sync_staging do bundle exec whenever --update-crontab gsas_sync_staging --set environment=staging --roles=app  )
 DEBUG [acec78ad] 	bundler: failed to load command: whenever (/tmp/gsas_deployment_testing/gsas_sync_staging/shared/bundle/ruby/3.2.0/bin/whenever)
 DEBUG [acec78ad] 	/tmp/gsas_deployment_testing/gsas_sync_staging/shared/bundle/ruby/3.2.0/gems/whenever-1.0.0/lib/whenever/cron.rb:150:in `parse_as_string': Couldn't parse: :second (ArgumentError)

        raise ArgumentError, "Couldn't parse: #{@time.inspect}"
              ^^^^^^^^^^^^^^^^^^^^^^^^^^^^^^^^^^^^^^^^^^^^^^^^^
	from /tmp/gsas_deployment_testing/gsas_sync_staging/shared/bundle/ruby/3.2.0/gems/whenever-1.0.0/lib/whenever/cron.rb:85:in `parse_symbol'
	from /tmp/gsas_deployment_testing/gsas_sync_staging/shared/bundle/ruby/3.2.0/gems/whenever-1.0.0/lib/whenever/cron.rb:53:in `time_in_cron_syntax'
	from /tmp/gsas_deployment_testing/gsas_sync_staging/shared/bundle/ruby/3.2.0/gems/whenever-1.0.0/lib/whenever/cron.rb:46:in `output'
	from /tmp/gsas_deployment_testing/gsas_sync_staging/shared/bundle/ruby/3.2.0/gems/whenever-1.0.0/lib/whenever/cron.rb:40:in `block (2 levels) in output'
	from /tmp/gsas_deployment_testing/gsas_sync_staging/shared/bundle/ruby/3.2.0/gems/whenever-1.0.0/lib/whenever/cron.rb:39:in `each'
	from /tmp/gsas_deployment_testing/gsas_sync_staging/shared/bundle/ruby/3.2.0/gems/whenever-1.0.0/lib/whenever/cron.rb:39:in `block in output'
	from /tmp/gsas_deployment_testing/gsas_sync_staging/shared/bundle/ruby/3.2.0/gems/whenever-1.0.0/lib/whenever/cron.rb:38:in `each'
	from /tmp/gsas_deployment_testing/gsas_sync_staging/shared/bundle/ruby/3.2.0/gems/whenever-1.0.0/lib/whenever/cron.rb:38:in `output'
	from /tmp/gsas_deployment_testing/gsas_sync_staging/shared/bundle/ruby/3.2.0/gems/whenever-1.0.0/lib/whenever/job_list.rb:145:in `block in cron_jobs_of_time'
	from /tmp/gsas_deployment_testing/gsas_sync_staging/shared/bundle/ruby/3.2.0/gems/whenever-1.0.0/lib/whenever/job_list.rb:141:in `each'
	from /tmp/gsas_deployment_testing/gsas_sync_staging/shared/bundle/ruby/3.2.0/gems/whenever-1.0.0/lib/whenever/job_list.rb:141:in `cron_jobs_of_time'
	from /tmp/gsas_deployment_testing/gsas_sync_staging/shared/bundle/ruby/3.2.0/gems/whenever-1.0.0/lib/whenever/job_list.rb:166:in `block in cron_jobs'
	from /tmp/gsas_deployment_testing/gsas_sync_staging/shared/bundle/ruby/3.2.0/gems/whenever-1.0.0/lib/whenever/job_list.rb:165:in `each'
	from /tmp/gsas_deployment_testing/gsas_sync_staging/shared/bundle/ruby/3.2.0/gems/whenever-1.0.0/lib/whenever/job_list.rb:165:in `cron_jobs'
	from /tmp/gsas_deployment_testing/gsas_sync_staging/shared/bundle/ruby/3.2.0/gems/whenever-1.0.0/lib/whenever/job_list.rb:75:in `generate_cron_output'
	from /tmp/gsas_deployment_testing/gsas_sync_staging/shared/bundle/ruby/3.2.0/gems/whenever-1.0.0/lib/whenever.rb:12:in `cron'
	from /tmp/gsas_deployment_testing/gsas_sync_staging/shared/bundle/ruby/3.2.0/gems/whenever-1.0.0/lib/whenever/command_line.rb:57:in `whenever_cron'
	from /tmp/gsas_deployment_testing/gsas_sync_staging/shared/bundle/ruby/3.2.0/gems/whenever-1.0.0/lib/whenever/command_line.rb:111:in `updated_crontab'
	from /tmp/gsas_deployment_testing/gsas_sync_staging/shared/bundle/ruby/3.2.0/gems/whenever-1.0.0/lib/whenever/command_line.rb:38:in `run'
	from /tmp/gsas_deployment_testing/gsas_sync_staging/shared/bundle/ruby/3.2.0/gems/whenever-1.0.0/lib/whenever/command_line.rb:6:in `execute'
	from /tmp/gsas_deployment_testing/gsas_sync_staging/shared/bundle/ruby/3.2.0/gems/whenever-1.0.0/bin/whenever:44:in `<top (required)>'
	from /tmp/gsas_deployment_testing/gsas_sync_staging/shared/bundle/ruby/3.2.0/bin/whenever:25:in `load'
	from /tmp/gsas_deployment_testing/gsas_sync_staging/shared/bundle/ruby/3.2.0/bin/whenever:25:in `<top (required)>'
	from /tmp/gsas_deployment_testing/gsas_sync_staging/shared/bundle/ruby/3.2.0/gems/bundler-2.6.5/lib/bundler/cli/exec.rb:59:in `load'
	from /tmp/gsas_deployment_testing/gsas_sync_staging/shared/bundle/ruby/3.2.0/gems/bundler-2.6.5/lib/bundler/cli/exec.rb:59:in `kernel_load'
	from /tmp/gsas_deployment_testing/gsas_sync_staging/shared/bundle/ruby/3.2.0/gems/bundler-2.6.5/lib/bundler/cli/exec.rb:23:in `run'
	from /tmp/gsas_deployment_testing/gsas_sync_staging/shared/bundle/ruby/3.2.0/gems/bundler-2.6.5/lib/bundler/cli.rb:452:in `exec'
	from /tmp/gsas_deployment_testing/gsas_sync_staging/shared/bundle/ruby/3.2.0/gems/bundler-2.6.5/lib/bundler/vendor/thor/lib/thor/command.rb:28:in `run'
	from /tmp/gsas_deployment_testing/gsas_sync_staging/shared/bundle/ruby/3.2.0/gems/bundler-2.6.5/lib/bundler/vendor/thor/lib/thor/invocation.rb:127:in `invoke_command'
	from /tmp/gsas_deployment_testing/gsas_sync_staging/shared/bundle/ruby/3.2.0/gems/bundler-2.6.5/lib/bundler/vendor/thor/lib/thor.rb:538:in `dispatch'
	from /tmp/gsas_deployment_testing/gsas_sync_staging/shared/bundle/ruby/3.2.0/gems/bundler-2.6.5/lib/bundler/cli.rb:35:in `dispatch'
	from /tmp/gsas_deployment_testing/gsas_sync_staging/shared/bundle/ruby/3.2.0/gems/bundler-2.6.5/lib/bundler/vendor/thor/lib/thor/base.rb:584:in `start'
	from /tmp/gsas_deployment_testing/gsas_sync_staging/shared/bundle/ruby/3.2.0/gems/bundler-2.6.5/lib/bundler/cli.rb:29:in `start'
	from /tmp/gsas_deployment_testing/gsas_sync_staging/shared/bundle/ruby/3.2.0/gems/bundler-2.6.5/exe/bundle:28:in `block in <top (required)>'
	from /tmp/gsas_deployment_testing/gsas_sync_staging/shared/bundle/ruby/3.2.0/gems/bundler-2.6.5/lib/bundler/friendly_errors.rb:117:in `with_friendly_errors'
	from /tmp/gsas_deployment_testing/gsas_sync_staging/shared/bundle/ruby/3.2.0/gems/bundler-2.6.5/exe/bundle:20:in `<top (required)>'
	from /home/ldpdserv/.rvm-alma8/gems/ruby-3.2.2/bin/bundle:25:in `load'
	from /home/ldpdserv/.rvm-alma8/gems/ruby-3.2.2/bin/bundle:25:in `<main>'
  INFO ---------------------------------------------------------------------------
  INFO START 2025-07-03 18:00:10 -0400 cap staging deploy
  INFO ---------------------------------------------------------------------------
  INFO [d0eebfaa] Running /usr/bin/env mkdir -p /tmp as ldpdserv@diglib-service-prod1.cul.columbia.edu
 DEBUG [d0eebfaa] Command: /usr/bin/env mkdir -p /tmp
  INFO [d0eebfaa] Finished in 0.739 seconds with exit status 0 (successful).
 DEBUG Uploading /tmp/git-ssh-d276468b8b15a09172f0.sh 0.0%
  INFO Uploading /tmp/git-ssh-d276468b8b15a09172f0.sh 100.0%
  INFO [b8e9afb4] Running /usr/bin/env chmod 700 /tmp/git-ssh-d276468b8b15a09172f0.sh as ldpdserv@diglib-service-prod1.cul.columbia.edu
 DEBUG [b8e9afb4] Command: /usr/bin/env chmod 700 /tmp/git-ssh-d276468b8b15a09172f0.sh
  INFO [b8e9afb4] Finished in 0.242 seconds with exit status 0 (successful).
  INFO [b663d12c] Running /usr/bin/env git ls-remote git@github.com:cul/gsas_sync.git/ HEAD as ldpdserv@diglib-service-prod1.cul.columbia.edu
 DEBUG [b663d12c] Command: ( export GIT_ASKPASS="/bin/echo" GIT_SSH="/tmp/git-ssh-d276468b8b15a09172f0.sh" ; /usr/bin/env git ls-remote git@github.com:cul/gsas_sync.git/ HEAD )
 DEBUG [b663d12c] 	5485efbe34266224b5835cfbb807f3d37ef2b03f	HEAD
  INFO [b663d12c] Finished in 1.100 seconds with exit status 0 (successful).
  INFO [5b3467de] Running /usr/bin/env mkdir -p /tmp/gsas_deployment_testing/gsas_sync_staging/shared /tmp/gsas_deployment_testing/gsas_sync_staging/releases as ldpdserv@diglib-service-prod1.cul.columbia.edu
 DEBUG [5b3467de] Command: /usr/bin/env mkdir -p /tmp/gsas_deployment_testing/gsas_sync_staging/shared /tmp/gsas_deployment_testing/gsas_sync_staging/releases
  INFO [5b3467de] Finished in 0.237 seconds with exit status 0 (successful).
  INFO [a1ed1868] Running /usr/bin/env mkdir -p /tmp/gsas_deployment_testing/gsas_sync_staging/shared/.bundle as ldpdserv@diglib-service-prod1.cul.columbia.edu
 DEBUG [a1ed1868] Command: /usr/bin/env mkdir -p /tmp/gsas_deployment_testing/gsas_sync_staging/shared/.bundle
  INFO [a1ed1868] Finished in 0.229 seconds with exit status 0 (successful).
  INFO [b49442f2] Running /usr/bin/env mkdir -p /tmp/gsas_deployment_testing/gsas_sync_staging/shared/config as ldpdserv@diglib-service-prod1.cul.columbia.edu
 DEBUG [b49442f2] Command: /usr/bin/env mkdir -p /tmp/gsas_deployment_testing/gsas_sync_staging/shared/config
  INFO [b49442f2] Finished in 0.228 seconds with exit status 0 (successful).
 DEBUG [086311bc] Running [ -f /tmp/gsas_deployment_testing/gsas_sync_staging/shared/config/config.yml ] as ldpdserv@diglib-service-prod1.cul.columbia.edu
 DEBUG [086311bc] Command: [ -f /tmp/gsas_deployment_testing/gsas_sync_staging/shared/config/config.yml ]
 DEBUG [086311bc] Finished in 0.232 seconds with exit status 0 (successful).
 DEBUG [6252c7b6] Running [ -f /tmp/gsas_deployment_testing/gsas_sync_staging/current/REVISION ] as ldpdserv@diglib-service-prod1.cul.columbia.edu
 DEBUG [6252c7b6] Command: [ -f /tmp/gsas_deployment_testing/gsas_sync_staging/current/REVISION ]
 DEBUG [6252c7b6] Finished in 0.233 seconds with exit status 0 (successful).
 DEBUG [b90e43de] Running /usr/bin/env cat /tmp/gsas_deployment_testing/gsas_sync_staging/current/REVISION 2>/dev/null as ldpdserv@diglib-service-prod1.cul.columbia.edu
 DEBUG [b90e43de] Command: /usr/bin/env cat /tmp/gsas_deployment_testing/gsas_sync_staging/current/REVISION 2>/dev/null
 DEBUG [b90e43de] 	5485efbe34266224b5835cfbb807f3d37ef2b03f
 DEBUG [b90e43de] Finished in 0.265 seconds with exit status 0 (successful).
 DEBUG [24c6a743] Running [ -f /tmp/gsas_deployment_testing/gsas_sync_staging/current/REVISION_TIME ] as ldpdserv@diglib-service-prod1.cul.columbia.edu
 DEBUG [24c6a743] Command: [ -f /tmp/gsas_deployment_testing/gsas_sync_staging/current/REVISION_TIME ]
 DEBUG [24c6a743] Finished in 0.234 seconds with exit status 0 (successful).
 DEBUG [18de40df] Running /usr/bin/env cat /tmp/gsas_deployment_testing/gsas_sync_staging/current/REVISION_TIME 2>/dev/null as ldpdserv@diglib-service-prod1.cul.columbia.edu
 DEBUG [18de40df] Command: /usr/bin/env cat /tmp/gsas_deployment_testing/gsas_sync_staging/current/REVISION_TIME 2>/dev/null
 DEBUG [18de40df] 	1751578022
 DEBUG [18de40df] Finished in 0.258 seconds with exit status 0 (successful).
 DEBUG [b25a9185] Running [ -f /tmp/gsas_deployment_testing/gsas_sync_staging/repo/HEAD ] as ldpdserv@diglib-service-prod1.cul.columbia.edu
 DEBUG [b25a9185] Command: [ -f /tmp/gsas_deployment_testing/gsas_sync_staging/repo/HEAD ]
 DEBUG [b25a9185] Finished in 0.247 seconds with exit status 0 (successful).
  INFO The repository mirror is at /tmp/gsas_deployment_testing/gsas_sync_staging/repo
 DEBUG [4ca7adf5] Running if test ! -d /tmp/gsas_deployment_testing/gsas_sync_staging/repo; then echo "Directory does not exist '/tmp/gsas_deployment_testing/gsas_sync_staging/repo'" 1>&2; false; fi as ldpdserv@diglib-service-prod1.cul.columbia.edu
 DEBUG [4ca7adf5] Command: if test ! -d /tmp/gsas_deployment_testing/gsas_sync_staging/repo; then echo "Directory does not exist '/tmp/gsas_deployment_testing/gsas_sync_staging/repo'" 1>&2; false; fi
 DEBUG [4ca7adf5] Finished in 0.243 seconds with exit status 0 (successful).
  INFO [daf7f5ba] Running /usr/bin/env git remote set-url origin git@github.com:cul/gsas_sync.git/ as ldpdserv@diglib-service-prod1.cul.columbia.edu
 DEBUG [daf7f5ba] Command: cd /tmp/gsas_deployment_testing/gsas_sync_staging/repo && ( export GIT_ASKPASS="/bin/echo" GIT_SSH="/tmp/git-ssh-d276468b8b15a09172f0.sh" ; /usr/bin/env git remote set-url origin git@github.com:cul/gsas_sync.git/ )
  INFO [daf7f5ba] Finished in 0.261 seconds with exit status 0 (successful).
  INFO [ac025300] Running /usr/bin/env git remote update --prune as ldpdserv@diglib-service-prod1.cul.columbia.edu
 DEBUG [ac025300] Command: cd /tmp/gsas_deployment_testing/gsas_sync_staging/repo && ( export GIT_ASKPASS="/bin/echo" GIT_SSH="/tmp/git-ssh-d276468b8b15a09172f0.sh" ; /usr/bin/env git remote update --prune )
  INFO [ac025300] Finished in 1.094 seconds with exit status 0 (successful).
 DEBUG [d82ace76] Running if test ! -d /tmp/gsas_deployment_testing/gsas_sync_staging/repo; then echo "Directory does not exist '/tmp/gsas_deployment_testing/gsas_sync_staging/repo'" 1>&2; false; fi as ldpdserv@diglib-service-prod1.cul.columbia.edu
 DEBUG [d82ace76] Command: if test ! -d /tmp/gsas_deployment_testing/gsas_sync_staging/repo; then echo "Directory does not exist '/tmp/gsas_deployment_testing/gsas_sync_staging/repo'" 1>&2; false; fi
 DEBUG [d82ace76] Finished in 0.245 seconds with exit status 0 (successful).
  INFO [243fb7fa] Running /usr/bin/env mkdir -p /tmp/gsas_deployment_testing/gsas_sync_staging/releases/20250703220014 as ldpdserv@diglib-service-prod1.cul.columbia.edu
 DEBUG [243fb7fa] Command: cd /tmp/gsas_deployment_testing/gsas_sync_staging/repo && ( export GIT_ASKPASS="/bin/echo" GIT_SSH="/tmp/git-ssh-d276468b8b15a09172f0.sh" ; /usr/bin/env mkdir -p /tmp/gsas_deployment_testing/gsas_sync_staging/releases/20250703220014 )
  INFO [243fb7fa] Finished in 0.242 seconds with exit status 0 (successful).
  INFO [abc8c985] Running /usr/bin/env git archive LDPD-451 | /usr/bin/env tar -x -f - -C /tmp/gsas_deployment_testing/gsas_sync_staging/releases/20250703220014 as ldpdserv@diglib-service-prod1.cul.columbia.edu
 DEBUG [abc8c985] Command: cd /tmp/gsas_deployment_testing/gsas_sync_staging/repo && ( export GIT_ASKPASS="/bin/echo" GIT_SSH="/tmp/git-ssh-d276468b8b15a09172f0.sh" ; /usr/bin/env git archive LDPD-451 | /usr/bin/env tar -x -f - -C /tmp/gsas_deployment_testing/gsas_sync_staging/releases/20250703220014 )
  INFO [abc8c985] Finished in 0.255 seconds with exit status 0 (successful).
 DEBUG [44e8a1e6] Running if test ! -d /tmp/gsas_deployment_testing/gsas_sync_staging/repo; then echo "Directory does not exist '/tmp/gsas_deployment_testing/gsas_sync_staging/repo'" 1>&2; false; fi as ldpdserv@diglib-service-prod1.cul.columbia.edu
 DEBUG [44e8a1e6] Command: if test ! -d /tmp/gsas_deployment_testing/gsas_sync_staging/repo; then echo "Directory does not exist '/tmp/gsas_deployment_testing/gsas_sync_staging/repo'" 1>&2; false; fi
 DEBUG [44e8a1e6] Finished in 0.238 seconds with exit status 0 (successful).
 DEBUG [cdd6c100] Running /usr/bin/env git rev-list --max-count=1 LDPD-451 as ldpdserv@diglib-service-prod1.cul.columbia.edu
 DEBUG [cdd6c100] Command: cd /tmp/gsas_deployment_testing/gsas_sync_staging/repo && ( export GIT_ASKPASS="/bin/echo" GIT_SSH="/tmp/git-ssh-d276468b8b15a09172f0.sh" ; /usr/bin/env git rev-list --max-count=1 LDPD-451 )
 DEBUG [cdd6c100] 	5485efbe34266224b5835cfbb807f3d37ef2b03f
 DEBUG [cdd6c100] Finished in 0.266 seconds with exit status 0 (successful).
 DEBUG [1697dcb1] Running if test ! -d /tmp/gsas_deployment_testing/gsas_sync_staging/releases/20250703220014; then echo "Directory does not exist '/tmp/gsas_deployment_testing/gsas_sync_staging/releases/20250703220014'" 1>&2; false; fi as ldpdserv@diglib-service-prod1.cul.columbia.edu
 DEBUG [1697dcb1] Command: if test ! -d /tmp/gsas_deployment_testing/gsas_sync_staging/releases/20250703220014; then echo "Directory does not exist '/tmp/gsas_deployment_testing/gsas_sync_staging/releases/20250703220014'" 1>&2; false; fi
 DEBUG [1697dcb1] Finished in 0.237 seconds with exit status 0 (successful).
  INFO [7f42ec68] Running /usr/bin/env echo "5485efbe34266224b5835cfbb807f3d37ef2b03f" > REVISION as ldpdserv@diglib-service-prod1.cul.columbia.edu
 DEBUG [7f42ec68] Command: cd /tmp/gsas_deployment_testing/gsas_sync_staging/releases/20250703220014 && /usr/bin/env echo "5485efbe34266224b5835cfbb807f3d37ef2b03f" > REVISION
  INFO [7f42ec68] Finished in 0.233 seconds with exit status 0 (successful).
 DEBUG [e7cf353b] Running if test ! -d /tmp/gsas_deployment_testing/gsas_sync_staging/repo; then echo "Directory does not exist '/tmp/gsas_deployment_testing/gsas_sync_staging/repo'" 1>&2; false; fi as ldpdserv@diglib-service-prod1.cul.columbia.edu
 DEBUG [e7cf353b] Command: if test ! -d /tmp/gsas_deployment_testing/gsas_sync_staging/repo; then echo "Directory does not exist '/tmp/gsas_deployment_testing/gsas_sync_staging/repo'" 1>&2; false; fi
 DEBUG [e7cf353b] Finished in 0.232 seconds with exit status 0 (successful).
 DEBUG [f77766dd] Running /usr/bin/env git --no-pager log -1 --pretty=format:"%ct" LDPD-451 as ldpdserv@diglib-service-prod1.cul.columbia.edu
 DEBUG [f77766dd] Command: cd /tmp/gsas_deployment_testing/gsas_sync_staging/repo && ( export GIT_ASKPASS="/bin/echo" GIT_SSH="/tmp/git-ssh-d276468b8b15a09172f0.sh" ; /usr/bin/env git --no-pager log -1 --pretty=format:"%ct" LDPD-451 )
 DEBUG [f77766dd] 	1751578022
 DEBUG [f77766dd] Finished in 0.254 seconds with exit status 0 (successful).
 DEBUG [f2fe7fce] Running if test ! -d /tmp/gsas_deployment_testing/gsas_sync_staging/releases/20250703220014; then echo "Directory does not exist '/tmp/gsas_deployment_testing/gsas_sync_staging/releases/20250703220014'" 1>&2; false; fi as ldpdserv@diglib-service-prod1.cul.columbia.edu
 DEBUG [f2fe7fce] Command: if test ! -d /tmp/gsas_deployment_testing/gsas_sync_staging/releases/20250703220014; then echo "Directory does not exist '/tmp/gsas_deployment_testing/gsas_sync_staging/releases/20250703220014'" 1>&2; false; fi
 DEBUG [f2fe7fce] Finished in 0.246 seconds with exit status 0 (successful).
  INFO [bbd69b23] Running /usr/bin/env echo "1751578022" > REVISION_TIME as ldpdserv@diglib-service-prod1.cul.columbia.edu
 DEBUG [bbd69b23] Command: cd /tmp/gsas_deployment_testing/gsas_sync_staging/releases/20250703220014 && /usr/bin/env echo "1751578022" > REVISION_TIME
  INFO [bbd69b23] Finished in 0.249 seconds with exit status 0 (successful).
  INFO [3cf46f55] Running /usr/bin/env mkdir -p /tmp/gsas_deployment_testing/gsas_sync_staging/releases/20250703220014/config as ldpdserv@diglib-service-prod1.cul.columbia.edu
 DEBUG [3cf46f55] Command: /usr/bin/env mkdir -p /tmp/gsas_deployment_testing/gsas_sync_staging/releases/20250703220014/config
  INFO [3cf46f55] Finished in 0.242 seconds with exit status 0 (successful).
 DEBUG [9c1ce981] Running [ -L /tmp/gsas_deployment_testing/gsas_sync_staging/releases/20250703220014/config/config.yml ] as ldpdserv@diglib-service-prod1.cul.columbia.edu
 DEBUG [9c1ce981] Command: [ -L /tmp/gsas_deployment_testing/gsas_sync_staging/releases/20250703220014/config/config.yml ]
 DEBUG [9c1ce981] Finished in 0.270 seconds with exit status 1 (failed).
 DEBUG [5929f044] Running [ -f /tmp/gsas_deployment_testing/gsas_sync_staging/releases/20250703220014/config/config.yml ] as ldpdserv@diglib-service-prod1.cul.columbia.edu
 DEBUG [5929f044] Command: [ -f /tmp/gsas_deployment_testing/gsas_sync_staging/releases/20250703220014/config/config.yml ]
 DEBUG [5929f044] Finished in 0.312 seconds with exit status 1 (failed).
  INFO [f2f9f3ce] Running /usr/bin/env ln -s /tmp/gsas_deployment_testing/gsas_sync_staging/shared/config/config.yml /tmp/gsas_deployment_testing/gsas_sync_staging/releases/20250703220014/config/config.yml as ldpdserv@diglib-service-prod1.cul.columbia.edu
 DEBUG [f2f9f3ce] Command: /usr/bin/env ln -s /tmp/gsas_deployment_testing/gsas_sync_staging/shared/config/config.yml /tmp/gsas_deployment_testing/gsas_sync_staging/releases/20250703220014/config/config.yml
  INFO [f2f9f3ce] Finished in 0.341 seconds with exit status 0 (successful).
  INFO [ae3c4b18] Running /usr/bin/env mkdir -p /tmp/gsas_deployment_testing/gsas_sync_staging/releases/20250703220014 as ldpdserv@diglib-service-prod1.cul.columbia.edu
 DEBUG [ae3c4b18] Command: /usr/bin/env mkdir -p /tmp/gsas_deployment_testing/gsas_sync_staging/releases/20250703220014
  INFO [ae3c4b18] Finished in 0.350 seconds with exit status 0 (successful).
 DEBUG [73ab0ec1] Running [ -L /tmp/gsas_deployment_testing/gsas_sync_staging/releases/20250703220014/.bundle ] as ldpdserv@diglib-service-prod1.cul.columbia.edu
 DEBUG [73ab0ec1] Command: [ -L /tmp/gsas_deployment_testing/gsas_sync_staging/releases/20250703220014/.bundle ]
 DEBUG [73ab0ec1] Finished in 0.368 seconds with exit status 1 (failed).
 DEBUG [25f5d4e1] Running [ -d /tmp/gsas_deployment_testing/gsas_sync_staging/releases/20250703220014/.bundle ] as ldpdserv@diglib-service-prod1.cul.columbia.edu
 DEBUG [25f5d4e1] Command: [ -d /tmp/gsas_deployment_testing/gsas_sync_staging/releases/20250703220014/.bundle ]
 DEBUG [25f5d4e1] Finished in 0.435 seconds with exit status 1 (failed).
  INFO [433cb05f] Running /usr/bin/env ln -s /tmp/gsas_deployment_testing/gsas_sync_staging/shared/.bundle /tmp/gsas_deployment_testing/gsas_sync_staging/releases/20250703220014/.bundle as ldpdserv@diglib-service-prod1.cul.columbia.edu
 DEBUG [433cb05f] Command: /usr/bin/env ln -s /tmp/gsas_deployment_testing/gsas_sync_staging/shared/.bundle /tmp/gsas_deployment_testing/gsas_sync_staging/releases/20250703220014/.bundle
  INFO [433cb05f] Finished in 0.526 seconds with exit status 0 (successful).
 DEBUG [e7725f1b] Running if test ! -d /tmp/gsas_deployment_testing/gsas_sync_staging/releases/20250703220014; then echo "Directory does not exist '/tmp/gsas_deployment_testing/gsas_sync_staging/releases/20250703220014'" 1>&2; false; fi as ldpdserv@diglib-service-prod1.cul.columbia.edu
 DEBUG [e7725f1b] Command: if test ! -d /tmp/gsas_deployment_testing/gsas_sync_staging/releases/20250703220014; then echo "Directory does not exist '/tmp/gsas_deployment_testing/gsas_sync_staging/releases/20250703220014'" 1>&2; false; fi
 DEBUG [e7725f1b] Finished in 0.568 seconds with exit status 0 (successful).
  INFO [bb5896f6] Running ~/.rvm-alma8/bin/rvm gsas_sync_staging do bundle config --local deployment true as ldpdserv@diglib-service-prod1.cul.columbia.edu
 DEBUG [bb5896f6] Command: cd /tmp/gsas_deployment_testing/gsas_sync_staging/releases/20250703220014 && ~/.rvm-alma8/bin/rvm gsas_sync_staging do bundle config --local deployment true
  INFO [bb5896f6] Finished in 4.592 seconds with exit status 0 (successful).
  INFO [478cc6b3] Running ~/.rvm-alma8/bin/rvm gsas_sync_staging do bundle config --local path /tmp/gsas_deployment_testing/gsas_sync_staging/shared/bundle as ldpdserv@diglib-service-prod1.cul.columbia.edu
 DEBUG [478cc6b3] Command: cd /tmp/gsas_deployment_testing/gsas_sync_staging/releases/20250703220014 && ~/.rvm-alma8/bin/rvm gsas_sync_staging do bundle config --local path /tmp/gsas_deployment_testing/gsas_sync_staging/shared/bundle
  INFO [478cc6b3] Finished in 2.502 seconds with exit status 0 (successful).
  INFO [b4291f7c] Running ~/.rvm-alma8/bin/rvm gsas_sync_staging do bundle config --local without development:test as ldpdserv@diglib-service-prod1.cul.columbia.edu
 DEBUG [b4291f7c] Command: cd /tmp/gsas_deployment_testing/gsas_sync_staging/releases/20250703220014 && ~/.rvm-alma8/bin/rvm gsas_sync_staging do bundle config --local without development:test
  INFO [b4291f7c] Finished in 2.231 seconds with exit status 0 (successful).
 DEBUG [32cad240] Running if test ! -d /tmp/gsas_deployment_testing/gsas_sync_staging/releases/20250703220014; then echo "Directory does not exist '/tmp/gsas_deployment_testing/gsas_sync_staging/releases/20250703220014'" 1>&2; false; fi as ldpdserv@diglib-service-prod1.cul.columbia.edu
 DEBUG [32cad240] Command: if test ! -d /tmp/gsas_deployment_testing/gsas_sync_staging/releases/20250703220014; then echo "Directory does not exist '/tmp/gsas_deployment_testing/gsas_sync_staging/releases/20250703220014'" 1>&2; false; fi
 DEBUG [32cad240] Finished in 0.340 seconds with exit status 0 (successful).
 DEBUG [a01ed1cf] Running ~/.rvm-alma8/bin/rvm gsas_sync_staging do bundle check as ldpdserv@diglib-service-prod1.cul.columbia.edu
 DEBUG [a01ed1cf] Command: cd /tmp/gsas_deployment_testing/gsas_sync_staging/releases/20250703220014 && ~/.rvm-alma8/bin/rvm gsas_sync_staging do bundle check
 DEBUG [a01ed1cf] 	The Gemfile's dependencies are satisfied
 DEBUG [a01ed1cf] Finished in 2.307 seconds with exit status 0 (successful).
  INFO The Gemfile's dependencies are satisfied, skipping installation
 DEBUG [61e15825] Running if test ! -d /tmp/gsas_deployment_testing/gsas_sync_staging/releases/20250703220014; then echo "Directory does not exist '/tmp/gsas_deployment_testing/gsas_sync_staging/releases/20250703220014'" 1>&2; false; fi as ldpdserv@diglib-service-prod1.cul.columbia.edu
 DEBUG [61e15825] Command: if test ! -d /tmp/gsas_deployment_testing/gsas_sync_staging/releases/20250703220014; then echo "Directory does not exist '/tmp/gsas_deployment_testing/gsas_sync_staging/releases/20250703220014'" 1>&2; false; fi
 DEBUG [61e15825] Finished in 0.342 seconds with exit status 0 (successful).
  INFO [e312b230] Running ~/.rvm-alma8/bin/rvm gsas_sync_staging do bundle exec whenever --update-crontab gsas_sync_staging --set environment=staging --roles=app  as ldpdserv@diglib-service-prod1.cul.columbia.edu
 DEBUG [e312b230] Command: cd /tmp/gsas_deployment_testing/gsas_sync_staging/releases/20250703220014 && ( export RAILS_ENV="staging" ; ~/.rvm-alma8/bin/rvm gsas_sync_staging do bundle exec whenever --update-crontab gsas_sync_staging --set environment=staging --roles=app  )
 DEBUG [e312b230] 	bundler: failed to load command: whenever (/tmp/gsas_deployment_testing/gsas_sync_staging/shared/bundle/ruby/3.2.0/bin/whenever)
 DEBUG [e312b230] 	/tmp/gsas_deployment_testing/gsas_sync_staging/shared/bundle/ruby/3.2.0/gems/whenever-1.0.0/lib/whenever/cron.rb:150:in `parse_as_string': Couldn't parse: :second (ArgumentError)

        raise ArgumentError, "Couldn't parse: #{@time.inspect}"
              ^^^^^^^^^^^^^^^^^^^^^^^^^^^^^^^^^^^^^^^^^^^^^^^^^
	from /tmp/gsas_deployment_testing/gsas_sync_staging/shared/bundle/ruby/3.2.0/gems/whenever-1.0.0/lib/whenever/cron.rb:85:in `parse_symbol'
	from /tmp/gsas_deployment_testing/gsas_sync_staging/shared/bundle/ruby/3.2.0/gems/whenever-1.0.0/lib/whenever/cron.rb:53:in `time_in_cron_syntax'
	from /tmp/gsas_deployment_testing/gsas_sync_staging/shared/bundle/ruby/3.2.0/gems/whenever-1.0.0/lib/whenever/cron.rb:46:in `output'
	from /tmp/gsas_deployment_testing/gsas_sync_staging/shared/bundle/ruby/3.2.0/gems/whenever-1.0.0/lib/whenever/cron.rb:40:in `block (2 levels) in output'
	from /tmp/gsas_deployment_testing/gsas_sync_staging/shared/bundle/ruby/3.2.0/gems/whenever-1.0.0/lib/whenever/cron.rb:39:in `each'
	from /tmp/gsas_deployment_testing/gsas_sync_staging/shared/bundle/ruby/3.2.0/gems/whenever-1.0.0/lib/whenever/cron.rb:39:in `block in output'
	from /tmp/gsas_deployment_testing/gsas_sync_staging/shared/bundle/ruby/3.2.0/gems/whenever-1.0.0/lib/whenever/cron.rb:38:in `each'
	from /tmp/gsas_deployment_testing/gsas_sync_staging/shared/bundle/ruby/3.2.0/gems/whenever-1.0.0/lib/whenever/cron.rb:38:in `output'
	from /tmp/gsas_deployment_testing/gsas_sync_staging/shared/bundle/ruby/3.2.0/gems/whenever-1.0.0/lib/whenever/job_list.rb:145:in `block in cron_jobs_of_time'
	from /tmp/gsas_deployment_testing/gsas_sync_staging/shared/bundle/ruby/3.2.0/gems/whenever-1.0.0/lib/whenever/job_list.rb:141:in `each'
	from /tmp/gsas_deployment_testing/gsas_sync_staging/shared/bundle/ruby/3.2.0/gems/whenever-1.0.0/lib/whenever/job_list.rb:141:in `cron_jobs_of_time'
	from /tmp/gsas_deployment_testing/gsas_sync_staging/shared/bundle/ruby/3.2.0/gems/whenever-1.0.0/lib/whenever/job_list.rb:166:in `block in cron_jobs'
	from /tmp/gsas_deployment_testing/gsas_sync_staging/shared/bundle/ruby/3.2.0/gems/whenever-1.0.0/lib/whenever/job_list.rb:165:in `each'
	from /tmp/gsas_deployment_testing/gsas_sync_staging/shared/bundle/ruby/3.2.0/gems/whenever-1.0.0/lib/whenever/job_list.rb:165:in `cron_jobs'
	from /tmp/gsas_deployment_testing/gsas_sync_staging/shared/bundle/ruby/3.2.0/gems/whenever-1.0.0/lib/whenever/job_list.rb:75:in `generate_cron_output'
	from /tmp/gsas_deployment_testing/gsas_sync_staging/shared/bundle/ruby/3.2.0/gems/whenever-1.0.0/lib/whenever.rb:12:in `cron'
	from /tmp/gsas_deployment_testing/gsas_sync_staging/shared/bundle/ruby/3.2.0/gems/whenever-1.0.0/lib/whenever/command_line.rb:57:in `whenever_cron'
	from /tmp/gsas_deployment_testing/gsas_sync_staging/shared/bundle/ruby/3.2.0/gems/whenever-1.0.0/lib/whenever/command_line.rb:111:in `updated_crontab'
	from /tmp/gsas_deployment_testing/gsas_sync_staging/shared/bundle/ruby/3.2.0/gems/whenever-1.0.0/lib/whenever/command_line.rb:38:in `run'
	from /tmp/gsas_deployment_testing/gsas_sync_staging/shared/bundle/ruby/3.2.0/gems/whenever-1.0.0/lib/whenever/command_line.rb:6:in `execute'
	from /tmp/gsas_deployment_testing/gsas_sync_staging/shared/bundle/ruby/3.2.0/gems/whenever-1.0.0/bin/whenever:44:in `<top (required)>'
	from /tmp/gsas_deployment_testing/gsas_sync_staging/shared/bundle/ruby/3.2.0/bin/whenever:25:in `load'
	from /tmp/gsas_deployment_testing/gsas_sync_staging/shared/bundle/ruby/3.2.0/bin/whenever:25:in `<top (required)>'
	from /tmp/gsas_deployment_testing/gsas_sync_staging/shared/bundle/ruby/3.2.0/gems/bundler-2.6.5/lib/bundler/cli/exec.rb:59:in `load'
	from /tmp/gsas_deployment_testing/gsas_sync_staging/shared/bundle/ruby/3.2.0/gems/bundler-2.6.5/lib/bundler/cli/exec.rb:59:in `kernel_load'
	from /tmp/gsas_deployment_testing/gsas_sync_staging/shared/bundle/ruby/3.2.0/gems/bundler-2.6.5/lib/bundler/cli/exec.rb:23:in `run'
	from /tmp/gsas_deployment_testing/gsas_sync_staging/shared/bundle/ruby/3.2.0/gems/bundler-2.6.5/lib/bundler/cli.rb:452:in `exec'
	from /tmp/gsas_deployment_testing/gsas_sync_staging/shared/bundle/ruby/3.2.0/gems/bundler-2.6.5/lib/bundler/vendor/thor/lib/thor/command.rb:28:in `run'
	from /tmp/gsas_deployment_testing/gsas_sync_staging/shared/bundle/ruby/3.2.0/gems/bundler-2.6.5/lib/bundler/vendor/thor/lib/thor/invocation.rb:127:in `invoke_command'
	from /tmp/gsas_deployment_testing/gsas_sync_staging/shared/bundle/ruby/3.2.0/gems/bundler-2.6.5/lib/bundler/vendor/thor/lib/thor.rb:538:in `dispatch'
	from /tmp/gsas_deployment_testing/gsas_sync_staging/shared/bundle/ruby/3.2.0/gems/bundler-2.6.5/lib/bundler/cli.rb:35:in `dispatch'
	from /tmp/gsas_deployment_testing/gsas_sync_staging/shared/bundle/ruby/3.2.0/gems/bundler-2.6.5/lib/bundler/vendor/thor/lib/thor/base.rb:584:in `start'
	from /tmp/gsas_deployment_testing/gsas_sync_staging/shared/bundle/ruby/3.2.0/gems/bundler-2.6.5/lib/bundler/cli.rb:29:in `start'
	from /tmp/gsas_deployment_testing/gsas_sync_staging/shared/bundle/ruby/3.2.0/gems/bundler-2.6.5/exe/bundle:28:in `block in <top (required)>'
	from /tmp/gsas_deployment_testing/gsas_sync_staging/shared/bundle/ruby/3.2.0/gems/bundler-2.6.5/lib/bundler/friendly_errors.rb:117:in `with_friendly_errors'
	from /tmp/gsas_deployment_testing/gsas_sync_staging/shared/bundle/ruby/3.2.0/gems/bundler-2.6.5/exe/bundle:20:in `<top (required)>'
	from /home/ldpdserv/.rvm-alma8/gems/ruby-3.2.2/bin/bundle:25:in `load'
	from /home/ldpdserv/.rvm-alma8/gems/ruby-3.2.2/bin/bundle:25:in `<main>'
